Length	GC
159631	51.9573265844
188047	49.0265731439
52474	62.4061439951
39434	50.9534919105
87712	38.8156694637
53359	61.0093892314
46723	45.8960255121
39042	42.7667639977
38511	37.9242294409
5577	45.9386767079
51368	63.9055443077
280538	50.8833027968
51407	63.9095842979
35688	38.8618022865
53160	61.5443942814
278136	53.5263324417
44931	44.9734036634
53216	43.0885447986
45532	40.0421681455
22251	35.9489461148
39853	50.558301759
59708	66.5505459905
42749	49.9005824698
107218	40.9800593184
51369	63.8867799646
167773	34.7910569639
98170	37.0357543038
40648	40.0413304468
154938	47.3505531245
50346	66.6646804116
51369	63.8770464677
37211	40.5337131493
170403	39.390738426
179558	41.0936856058
5577	45.9386767079
38744	37.0999380549
5486	45.0783813343
131903	37.3638203832
53183	63.4732903371
72570	43.13903817
56622	51.0596587899
48709	36.4840173274
92466	44.7861916813
5386	44.4671370219
34514	37.5181085936
35594	35.7335505984
41857	67.5131997038
69391	52.3771094234
149844	40.9659379088
31699	32.1555885044
71629	42.7424646442
88487	38.893848814
162327	41.178608611
179563	41.1070209342
226158	41.6346094323
68628	67.5220026811
73050	54.8802190281
124826	37.0692003269
62535	49.2955944671
29396	53.9563205878
35306	56.7552257407
34773	51.988611854
145518	35.9082725161
70110	56.2858365426
175437	42.1763938052
44010	43.715064758
59100	56.3011844332
44517	50.8075566637
5386	44.3186037876
93201	61.9167176318
39717	49.3566986429
5833	45.3797359849
72508	54.7236167044
42279	59.0671491757
24841	44.1447606779
170822	40.4180960298
45045	56.0173160173
53227	43.0213989141
180977	37.764467308
41323	39.9390170123
44332	54.4753225661
29423	53.9102063012
18379	37.4938788835
15319	60.2715581957
78269	30.1830865349
38392	40.813190248
62708	49.9011290425
64415	55.643871769
53028	63.4249830278
66390	55.5821659889
41841	51.6216151622
53042	63.5062780438
172261	39.1110001683
44222	33.7162498304
243953	51.3316089575
66181	54.9024644535
38751	44.8788418363
62699	49.3468795356
38867	36.6840764659
39096	47.6672805402
52129	63.0742964569
225391	41.6360901722
49335	45.9977703456
45159	37.6890542306
69037	66.5078146501
36566	36.5202647268
54344	43.0627116149
57401	45.2326614519
55617	61.7149432727
40375	35.1578947368
62708	49.9043184283
5577	45.9207459207
51161	63.7419127851
40564	47.0860861848
112329	60.7572398935
239461	48.5118662329
6089	45.1798324848
25908	30.6623436776
42819	43.2144608702
51910	61.562319399
135279	35.9257534429
39355	37.0270613645
171183	39.3689793963
32275	34.5406661503
7648	62.6307531381
158099	36.8876463482
70258	61.7310484215
37631	38.2796098961
197450	40.3666751076
69000	66.5130434783
33477	38.9521163784
6825	22.652014652
68938	66.3741332792
50755	60.6147177618
49807	50.9767703335
55524	64.9989193862
59199	31.2555955337
5577	45.9028151336
41598	34.7468628299
155053	37.0183098682
5577	45.9028151336
175419	42.1613394216
40190	35.1405822344
156754	64.6363091213
62331	49.2916847155
42042	63.1772988916
42850	46.7514585764
38900	38.3753213368
170336	40.4453550629
5577	45.8669535593
42780	50.7900888266
28674	34.4284020367
348532	34.1139407572
5577	45.9924690694
30796	34.1472918561
8929	59.6483368798
33525	65.0231170768
37969	37.8440306566
29488	54.0321486706
70679	68.958247853
5577	45.9207459207
34563	40.1874837254
173821	39.5780716944
41604	60.6888760696
35129	36.8271228899
29178	50.493522517
86246	54.6773183684
5577	45.8848843464
34565	41.5738463764
40751	49.4834482589
5577	45.9207459207
111325	38.8376375477
11295	37.7069499779
33509	53.3647676744
42542	43.4699826054
38253	48.1713852508
32581	34.5231883613
29551	54.0658522554
68323	66.3817455323
29511	53.9934261801
46353	58.7987832503
33014	33.9189434785
4563	40.9379793995
135764	35.874016676
143349	49.440177469
36799	34.566156689
60606	56.3954063954
32276	34.5241045978
5577	45.9566074951
224948	41.5931681989
133917	49.9787181612
110764	61.153443357
30352	30.3472588297
72544	55.0190229378
47575	39.8318444561
28193	36.6367538041
39696	48.9520354696
68405	66.451282801
51374	63.9389574493
72378	54.9531625632
39167	57.8905711441
180780	41.0869565217
199912	35.6111689143
52496	63.7610484608
40739	42.1856206583
45942	64.2462234992
141028	30.3258927305
60497	66.5322247384
34445	36.3913485266
34607	33.5654636345
5577	45.9745382822
169803	40.63120204
31599	38.4189373081
37775	45.1171409662
51294	63.7092057551
57155	61.5186772811
37631	64.8188993117
51377	63.8982424042
48626	42.4813885576
29491	54.382693025
53431	66.5549961633
44546	53.9913796974
70707	61.7011045582
74901	53.2182480875
5577	45.9386767079
49116	48.7376822217
68711	67.5408595421
32270	34.6203904555
60747	43.8622483415
52088	62.6420672708
173590	43.8804078576
70506	50.3035202678
39444	50.6414156779
58129	68.2550878219
6453	34.8055168139
42935	39.6413182718
68839	66.46958846
178993	40.2797874777
5577	45.9924690694
50440	42.7973830293
170650	35.2376208614
44578	61.0323477949
159492	39.6577884784
46639	63.6784665194
39530	50.5489501644
223389	41.5973928886
45175	54.7338129496
43490	45.2149919522
86252	38.9208366183
62147	50.9147666018
75806	58.8963934253
57416	61.4863452696
172450	38.6552623949
42232	33.5030308771
88421	27.2220400131
54986	61.395627978
171211	40.6311510359
36710	31.5745028603
166007	35.3346545628
87709	39.0347626811
33335	38.5480725964
215767	41.5679876904
49156	63.7928228497
161239	40.1317299165
28452	34.5107549557
50999	60.983548697
68262	66.5611907064
5577	45.9207459207
33108	48.8582819862
2435	33.2648870637
162486	40.0742217791
45364	39.0529935632
175559	39.5189081733
225175	41.615632286
5577	45.9386767079
70123	61.6359824879
69165	61.8043808285
49979	63.5466896096
51274	63.6755470609
50882	64.0363979403
42689	33.427815128
44899	54.4666919085
17422	43.3934106302
38208	49.9005443886
5210	43.5124760077
5577	45.9386767079
92095	44.7212117922
39241	51.5761575903
51372	63.9064081601
39594	30.191443148
137031	30.4208536754
103424	53.3715578589
6071	45.0337670894
53545	63.4606405827
36671	51.0485124485
22861	43.0689821093
29407	53.9055326963
39558	41.0081399464
42185	39.1513571175
7103	41.4050401239
89010	26.9947196944
34932	38.5749456086
51384	63.9323524833
44282	34.17867305
37664	28.3798853016
68952	57.3369880497
40462	35.700163116
59556	66.5491302304
108418	39.6779132616
45653	43.6510196482
44929	67.4553183912
31106	36.2148781586
51131	63.9435958616
197868	40.3430569875
5577	45.9566074951
37848	38.5277953921
136910	43.571689431
37219	65.4504419786
38347	36.2218687251
49717	61.0435062453
168401	35.252165961
62708	49.9027237354
40844	48.9031436686
76184	42.3697889321
49088	45.4754726206
34952	32.6647974365
17253	54.4716860836
69450	67.5104391649
18838	34.6268181336
50401	34.114402492
69118	66.3271506699
160985	64.0898220331
53300	62.6191369606
157147	39.9097660153
5577	45.9386767079
38083	40.2568074994
14939	48.1826092777
126032	32.498889171
59652	61.79340173
38261	64.6742113379
41546	49.9085351177
26215	35.7695975586
246964	41.306425228
50781	65.7312774463
246421	42.5548147276
29330	53.80156836
5577	45.9386767079
68600	66.416909621
132996	49.5631447562
40606	41.3731960794
51646	63.6777291562
41942	54.5419865529
35241	54.876422349
170605	40.4448873128
45530	60.3426312322
35068	45.3262233375
51370	63.9225228733
73784	58.7932343055
14935	48.2557750251
36025	32.399722415
5577	45.9924690694
103910	43.1536906939
58871	63.3435817295
162415	38.7236400579
43211	61.4820300386
36947	64.2758546025
72917	43.4164872389
52519	62.556408157
29581	54.0414455225
5529	46.3194067643
100619	43.1906498773
39283	64.8957564341
39921	31.9581172816
32242	34.4519570746
43200	62.3171296296
179206	40.2799013426
114180	40.2776318094
43153	38.9219752972
15556	60.111853947
157568	64.7263403737
42597	35.1808812827
71436	55.921384176
109800	61.0173041894
44536	67.1928327645
5577	45.9207459207
51371	63.899865683
23193	27.3315224421
6478	34.2698363692
29984	34.7351921025
160221	36.8765642456
44194	54.8852785446
59230	61.7862569644
7325	58.1706484642
51178	63.8985501583
167124	35.4293817764
41142	48.162461718
170286	34.78500875
41999	35.2817924236
42594	66.1454664976
43767	35.4513674686
35209	64.4210287142
60195	58.9517401778
36745	41.9839433937
194437	39.8684406774
57293	61.3355907353
59670	44.707558237
170788	35.2788252102
140807	30.2165375301
54439	48.3146273811
46619	58.6456165941
44520	52.9335130279
142349	50.1366360143
31185	39.1758858426
178182	44.867607278
43665	37.4968510248
46597	58.8127991072
61304	39.3530601592
41549	48.275530097
51008	63.4312264743
178171	43.1304757789
39847	38.1534368961
35764	42.0618499049
5577	45.8848843464
30463	34.7995929488
49330	65.4064463815
52320	63.9392201835
43378	52.5704274056
51214	63.5997969305
32382	34.2165400531
5577	45.9566074951
67195	38.6338269216
86231	38.8978441628
49562	66.1756991243
5577	45.9745382822
42073	35.1199106315
57385	69.1853271761
43963	53.7838637036
5577	45.9745382822
58305	39.8730812109
35904	35.7536764706
67188	68.9632077157
39472	48.6420753952
26504	30.2595834591
76276	50.6528921286
29371	53.9818188009
5577	45.9207459207
68375	66.5009140768
5577	45.9386767079
42608	47.0146451371
55060	58.1347620777
46339	44.5736852327
53460	44.9326599327
76944	63.018558952
37270	66.8017171988
45206	54.4573729151
92338	49.3177240139
5577	45.9028151336
142348	30.4247337511
39568	46.2823493732
41903	66.5918907954
52924	61.8641826015
36499	64.4072440341
45428	45.7493176015
5577	45.9566074951
155299	64.6662245089
33594	43.9185568852
47319	44.2380439147
179043	40.2791508185
157034	64.6560617446
168402	35.3736891486
170770	35.3024535926
54015	33.4703323151
43012	53.292104529
72583	42.8833197856
5577	45.9566074951
50255	67.8340463635
97065	29.2741977026
61388	49.8175539193
45554	49.6773060544
35327	32.4284541569
31841	34.9706353444
56669	61.2080679031
33828	48.1701549013
52350	62.5195797517
50636	67.1143060273
167678	35.3821014087
68293	66.4606914325
39474	65.9497390688
5577	45.9386767079
43788	49.7053987394
40289	35.8311201569
60875	49.1170431211
44306	68.0652733264
41803	33.7583427027
166313	39.5988287145
73882	59.8887415067
53124	63.4270762744
51138	60.9155618131
147659	37.5358088569
46641	58.8087733968
41880	50.4871060172
49220	71.1377488826
39530	50.5818365798
44941	44.9589461739
46575	31.7444981213
43016	47.2638088153
51397	63.9122906006
171192	39.3750876209
36445	35.9665249005
42092	58.5408153568
49487	63.8430294825
5577	45.9207459207
5540	46.0288808664
49976	63.346406275
44539	51.0631132266
179254	40.2663259955
154701	45.5523881552
68804	66.4568920412
40761	33.9932778882
53411	62.6406545468
55748	67.7853914042
140903	30.3272464036
50127	67.0257545834
58692	61.7392489607
51374	63.8844551719
39158	50.722713111
51241	59.9597978182
135502	30.0010331951
177688	43.1807437756
40973	56.2712029873
182145	40.199291773
40086	66.8437858604
60300	61.3797678275
72139	68.9086347191
40192	56.2126791401
62668	57.8812152933
38084	60.4269509505
63584	50.1667086059
139262	44.724332553
68196	67.42770837
46527	58.578889677
34694	36.6086354989
41563	39.4774198205
39530	50.5438907159
57775	61.2894850714
61440	69.5735677083
42186	40.3617313801
38677	47.2658168938
45746	43.9426397936
33906	40.6683182917
37612	72.6922258854
35133	38.1777815729
44120	50.976881233
39473	46.2037341981
76666	30.2233062896
29594	54.5989051835
42205	46.0680014216
171035	39.3732277019
29347	54.5882032235
42544	43.4702895825
57155	61.758376345
5577	45.9386767079
41087	35.5367877918
28983	35.1378394231
51409	63.9226594565
51809	63.9271169102
37523	32.4041254697
79099	37.4909923008
42696	32.0076822185
174352	39.5579058456
5529	45.7948996202
170397	40.6450817796
279593	36.8925545346
130482	42.7062736623
73659	54.2513474253
5577	45.9386767079
26061	30.1254748475
51637	64.0141758816
196280	37.8204605665
346602	31.7167817843
52753	63.471271776
5386	44.5785369476
5577	45.9745382822
42724	49.9133976219
50426	56.4431047476
43698	66.2616138038
5386	44.3928704048
42927	39.5974561465
5577	45.9924690694
37429	65.5828368377
46455	29.8374771284
26559	36.2739560977
47039	39.1866323689
33495	38.895357516
5577	45.9566074951
5577	45.9924690694
5577	45.9386767079
123097	37.0740148013
12366	31.8372958111
37333	45.5227278815
178193	44.5225121077
52561	64.1768611708
41496	39.4857335647
36081	65.4416451872
50509	44.5682947593
72646	54.8688159018
68685	67.5125573269
21272	35.8358405416
43745	60.6606469311
52049	41.3706315203
51373	63.8759659743
69171	66.3471686111
39940	40.1877816725
43098	32.9017587823
175083	42.1571483239
42961	62.1819790042
43293	34.6614926201
5577	45.9207459207
58839	49.854688217
5386	44.8384701077
74431	56.7827921162
68839	66.520431732
31277	38.1302554593
221967	41.5746484838
64494	59.7109808664
50066	65.9229816642
35417	28.9465510913
41526	39.0863555363
252401	35.505802275
154061	64.7230642408
40539	39.6507067269
29464	54.2051316861
44401	34.8640796378
44952	42.7300231358
5577	45.9386767079
32275	34.5375677769
133047	50.057498478
41987	51.5564341344
47355	49.6125013198
5577	45.9566074951
35951	32.4886651275
7542	43.3704587643
3562	47.9225154408
5577	45.9386767079
232878	39.1161895928
36315	37.3895084676
40987	47.6346158538
5833	45.3625921481
46314	58.6949950339
154434	64.7804239999
41142	48.1673229303
149312	38.9613694814
41143	48.1661522009
68598	66.517974285
41116	53.3417647631
5577	45.9745382822
43970	42.4425744826
5577	45.9028151336
71565	70.0048906588
52282	61.2409624727
33654	32.6617935461
155565	64.7472117764
179200	40.2717633929
41119	52.3699506311
316674	45.3444236028
60237	67.3639125454
39290	42.7538813948
221396	41.5350774178
62708	49.9043184283
43869	60.167772231
76169	63.058462104
241654	51.0134324282
171175	38.7357966993
44846	37.5997859341
38934	37.0421739354
145162	34.1115443436
5577	45.9386767079
32249	34.4816893547
15524	60.2293223396
45342	45.5956949407
56125	61.0547884187
45696	52.3656337535
38067	65.2008301153
30646	30.4640083535
175311	42.1702003867
18762	33.6584585865
43562	61.0623938295
5577	45.9207459207
39318	66.7633145124
42633	49.7971055286
60526	66.2260846578
44005	60.9748892171
154553	64.7441330806
175340	42.1575225277
65762	54.9268574557
39591	66.7348639842
37856	37.7773668639
43564	61.1100909007
39861	42.7259727553
73808	58.9231519618
46335	53.3916046185
30413	54.1347450104
39503	42.6119535225
175431	42.1556053377
157308	45.0320390571
5577	45.9566074951
244840	49.414311387
170341	38.8761366905
58390	67.467032026
37847	38.7058419426
68992	66.514958256
135563	29.8584422003
175425	42.1633176571
51606	38.2726814711
64113	60.2873052267
179107	40.2708995182
133572	26.1267331477
17562	66.3534904908
39782	50.5454728269
32027	40.0755612452
14429	49.2619031118
5577	45.9028151336
50564	45.532394589
43226	31.3931430158
45385	43.2169218905
58652	57.0074336766
35921	38.9744160797
28336	36.0142574816
35728	38.8658755038
14319	36.853132202
34630	33.2226393301
48565	29.8939565531
68365	36.0198932202
44147	44.3812716606
22179	35.7319987375
147303	45.8273083372
273501	49.8608780224
64021	49.9835991315
69059	67.3351771673
75844	58.8813881124
168394	35.2530375192
52917	63.4786552526
44872	66.2796398645
6842	42.955276235
5386	44.8756034163
34638	40.0398406375
145865	32.6719912248
74655	62.9830553881
49241	47.4340488617
34907	39.3875153981
31229	32.2456690896
5577	45.9386767079
38202	49.9057640961
29348	54.364863023
15556	60.1054255593
28788	43.1985549535
5577	45.9207459207
231255	58.0264210504
38684	50.1628580292
69819	67.6434781363
48228	58.8268225927
36378	36.263675848
50628	63.7236311922
5577	45.9028151336
29491	54.37930216
28785	35.4594406809
138877	40.7698899026
53693	63.6842791425
29508	36.1461298631
23931	50.3489198111
58059	45.1523450283
56167	67.0785336586
175381	42.1596410101
35653	39.2028721286
68171	66.410937202
11624	49.5268410186
15556	59.6425816405
216240	66.1519607843
8273	22.8937507555
46057	53.972251775
43301	35.1354472183
62708	49.9043184283
40024	40.6206276234
5577	45.9566074951
40578	43.639410518
39369	40.8443191343
93296	49.359029326
157950	44.5343463121
70096	61.686829491
53278	63.144262172
75772	56.6581322916
33440	35.5921052632
47453	46.1045666238
5577	45.9386767079
40275	34.4978274364
222893	41.5966405405
37238	64.0797035287
45888	37.6263947001
32275	34.5282726569
53332	64.5297382435
174353	39.5049124477
41903	66.634847147
124497	37.0924600593
85138	61.4026639104
5577	45.9566074951
58498	61.8875859004
40071	33.2160415263
5577	45.9566074951
53224	43.0219449872
5577	45.9924690694
39542	50.5563704416
41867	34.9177156233
65100	63.4239631336
45890	37.9320113314
41448	61.2357652963
36991	28.7042794193
46854	58.7185725872
74155	58.6851864338
41386	56.7752380032
38039	29.0254738558
39014	63.3875019224
110865	61.3746448383
70667	69.8855194079
45653	43.642257902
5577	45.9566074951
52392	61.4139563292
15556	60.1054255593
170527	39.6465075912
127065	41.4244677921
91159	47.0101690453
54452	33.515756997
175441	42.1480725714
54513	61.6807000165
43773	35.3916798026
29491	54.37930216
39640	64.9545913219
72790	63.0539909328
50839	64.0256495997
145343	32.6510392657
61318	67.1401546039
158081	44.6081439262
174670	39.5133680655
152460	44.8780007871
32224	38.1268619662
41642	39.2920609001
41105	40.6592871913
61670	49.3676017513
29421	54.0396315557
76217	62.9793878006
37553	32.4048677869
5577	45.8848843464
50727	66.2250872317
231998	44.5758153088
40114	53.2831430423
40469	51.0094146137
35203	51.9359145527
216994	41.5034517083
50913	64.1820360222
60896	50.2266158697
36835	32.4474005701
40491	51.9720431701
18078	34.4783715013
60005	64.7879343388
166634	35.3721329381
68675	66.449217328
39300	49.9541984733
43769	47.2274897759
181044	37.8493625859
49981	52.4019127268
24837	26.8430164674
55832	65.6469408225
35701	35.6488613764
67776	66.5692870633
58043	61.5526420068
126341	42.8863156062
47875	43.3023498695
175341	39.5617682117
29733	53.0118050651
45858	66.1345893846
5577	45.9566074951
55707	59.5365034915
95299	41.4495430172
32545	34.7303733292
215432	41.5648557317
117842	38.9818570628
158621	39.9776826524
94005	65.4635391734
76483	62.8296484186
309157	42.998217734
68304	36.5000585617
161440	40.4577552032
5577	45.9924690694
46895	67.0369975477
64807	59.5537519095
38738	37.1392431205
33507	28.3821291074
29416	35.0727495241
26537	37.0991445906
5577	45.8848843464
36284	32.6672913681
162910	44.3809465349
60285	62.4052417683
59646	66.6063105657
5577	45.9924690694
68607	66.5165362135
17869	28.8992109239
50774	61.933272935
175442	42.158662122
46387	37.7433332615
45417	60.3540524473
39541	32.6926481374
6478	34.2080889163
175432	42.1576451275
47279	47.3296812538
38253	48.1739994249
223935	50.5887869248
84303	60.7961756996
222009	41.567684193
33328	30.5148823812
5577	45.9386767079
40474	64.6489104116
5577	45.9028151336
65762	54.9207749156
160541	38.0314063074
58560	63.3913934426
87646	54.6824726742
36406	43.9405592485
41318	36.9161140423
40931	44.7680242359
42685	42.2373199016
3486	46.528973035
39415	47.253583661
39832	52.5155653746
246390	52.101546329
42519	62.2968555234
37966	43.9630195438
154990	39.2257565004
32894	50.966741655
56852	61.5299373813
37654	34.6921973761
40489	65.1115117686
42944	60.7046385991
41446	48.1204458814
37555	48.3158034882
215097	41.502670888
5577	45.9207459207
68415	66.4269531535
44461	28.9197274015
47399	54.4526255828
29751	53.9948237034
52738	61.9667033259
30862	34.9005249174
30572	38.8525448122
43931	47.4061596595
39725	50.5047199497
30688	34.1306047967
35191	36.605950385
18023	29.3402874105
51308	63.6898729243
46586	58.5712445799
4817	44.3637118539
38439	63.1598116496
41449	53.8396583754
48055	36.5518676516
14954	48.3215193259
52911	62.5729999433
5577	45.9745382822
58546	46.862296314
41057	41.6007014638
5577	45.9386767079
40570	39.4675868869
53455	63.6928257413
171192	39.3756717604
75894	63.0524152107
68479	66.4364257656
34292	39.1286597457
45051	46.1255022086
41039	51.1269767782
34367	41.5136613612
174046	39.5694241752
5577	45.9566074951
43950	61.858930603
29461	54.5263229354
18018	29.3484293484
154573	64.7674561534
175083	42.16057527
39844	40.6987250276
72961	32.6955496772
14957	35.876178378
6068	44.9406723797
44360	60.9107303877
67150	36.2576321668
5486	45.5705432009
103445	48.5775049543
37192	40.2075715208
69278	34.5549813794
30977	36.5496981632
5577	45.8848843464
5577	45.9207459207
51402	64.0325279172
60934	69.112482358
35248	34.268610985
222089	41.5828789359
37817	72.3669249279
80228	61.6206312011
14935	39.718781386
5577	45.9386767079
51372	63.9141945028
6065	44.8309975268
5577	45.9386767079
53227	43.0195201683
50283	64.3776226558
74576	62.9398197812
53623	63.5585476381
35652	35.8745652418
156646	64.6515072201
34951	54.9855512003
52647	63.4186183448
5577	45.9566074951
179116	40.2778087943
165213	39.6046315968
64427	55.4689803964
34516	39.0022018774
29422	53.9120386106
39530	50.5388312674
45169	39.3632801257
52797	68.1137185825
47536	39.8708347358
47657	45.5316113058
38616	47.0996478144
52946	62.5316360065
29514	54.0489259335
59179	61.6637658629
65867	54.9030622315
46454	45.9852757567
40592	34.2456641703
116138	42.827498321
41289	53.074668798
175430	42.1552756085
47977	56.8022177293
161643	38.6673100598
5577	45.9386767079
57789	61.6034193359
30594	34.6178989344
29496	53.9835909954
30505	32.656941485
33516	41.7173887099
131086	50.2464031247
218948	41.7953121289
46481	29.8250898216
42696	32.0076822185
51252	65.7964567236
40207	46.8599995026
28341	36.9076602802
70797	57.3131629871
5577	45.9207459207
147443	44.6219895146
49158	59.9820985394
166137	37.5990899077
39974	53.5423024966
43642	39.3222125475
38732	37.1011050294
39215	57.8987632284
58247	53.4619808746
29264	54.158693275
65869	65.555876057
53426	62.6492718901
41142	48.1867677799
21054	35.4089484184
48699	67.0937801598
70396	61.6796408887
5577	45.9386767079
28873	35.1712672739
41143	48.1734438422
7069	62.3426227189
70362	61.6724936756
39151	36.5839953002
5577	45.9566074951
5577	45.9566074951
179111	40.2856329315
30688	34.1208289885
63748	39.7126184351
38646	50.6960616881
56418	61.3208550463
52136	63.5702777352
5577	45.9207459207
30116	35.1972373489
42351	53.3470284055
53746	67.4524615785
35598	41.5613236699
5577	45.9566074951
46482	29.8244481735
169621	35.3629562377
41843	33.9817890687
61137	49.7096684495
55584	33.3333333333
49099	29.7521334447
5577	45.9028151336
172957	43.9155397006
5577	45.9745382822
35736	38.8655697336
37316	41.8667595669
49421	59.786325651
5577	45.9207459207
59471	61.3038287569
41143	48.1734438422
35725	44.4674597621
19351	38.1840731745
18899	31.118048574
32707	32.9134436053
52967	63.539562369
44613	54.6141259274
87510	38.8389898297
41887	41.2084895075
61388	49.8175539193
5577	45.9386767079
70841	68.7511469347
68245	67.563924097
51440	63.8608087092
41491	65.8383745873
43015	55.4318261072
41620	53.8395002403
73419	56.610686607
37830	72.3420565689
69855	42.7299405912
31805	34.840433894
167063	35.457282582
57248	51.0533119061
5577	45.8848843464
168066	39.4940083063
22162	50.7986643805
218339	52.3406262738
5577	45.9566074951
223989	50.0573688887
39779	35.8053244174
68346	66.4501214409
41475	49.1742013261
67451	68.9552415828
37387	40.4391900928
38368	48.9261884904
53396	63.3380777586
43680	66.2408424908
35100	54.4301994302
42663	65.4384361156
38389	50.1159186225
41724	47.0904036046
175444	42.1496317913
37385	37.7959074495
14946	48.3406931621
32172	35.5091383812
50610	63.5328986366
61109	66.2455612103
155586	64.7346162251
93385	44.9708197248
38893	38.1096855475
38496	72.5374064838
59672	66.6158332216
43155	35.0596686363
164911	39.8978843134
86537	39.0815489328
55094	61.6455512397
41901	66.5640438176
46271	53.2017894578
40710	41.3903217883
172688	39.128949319
27572	36.5588277963
53018	56.4223471274
44183	60.724713125
61235	44.4288397158
175440	42.1494528044
53227	43.0213989141
5577	45.9745382822
17141	48.4977539233
46872	56.2638675542
64415	55.6423193356
41268	42.60686246
38513	53.6520136058
43150	69.0892236385
67480	68.9567279194
139997	30.8628042029
52501	63.7873564313
37594	39.0221843911
175434	42.1611546223
41519	50.7815698837
69099	57.5464189062
31379	34.6218808757
59363	65.4717585028
142934	30.5119845523
43595	54.1529991972
273224	49.7910139666
72369	32.8731915599
17972	32.7565101269
59314	61.7071854874
46149	43.1363626514
39216	50.4181966544
34600	41.5809248555
56606	26.8893756846
345809	31.7018932416
50263	63.2990470127
42608	47.0216860683
174273	42.1958651082
51347	61.0571211561
56506	40.3373093123
43036	66.3305139883
37809	68.4334417731
67349	68.9394051879
37334	34.4404564204
39290	31.4405701196
104936	36.6108866357
33778	32.9149150335
44260	44.780840488
43567	55.7233686047
229929	38.7171692131
53802	39.7475930263
172874	39.112301445
41901	66.5688169733
37518	40.5911828989
29511	53.9900376131
27206	30.4307873263
5577	45.9566074951
41092	41.7404847659
99517	42.3093541807
103218	45.1491019008
53746	67.4468797678
49534	67.7453870069
41181	53.2478570214
222326	41.5434991859
34145	48.7831307659
77053	63.0020894709
44513	54.4560016175
42425	49.9823217443
5577	45.9924690694
49219	57.7419289299
5577	45.9924690694
29200	54.095890411
54016	33.471563981
41805	39.2871666069
41152	41.5338258165
42091	62.1653084983
54295	43.0721060871
168401	35.3733053842
63153	65.0388738461
41941	46.985050428
35444	38.875409096
69653	65.457338521
222322	41.5824794667
41059	41.8544046372
60012	60.8778244351
32954	33.8653881168
47162	67.1812052076
5577	45.9028151336
38689	50.1512057691
72108	65.3935763022
60934	66.875635934
5577	45.9386767079
37372	62.7314567056
52495	63.7946471092
29394	53.9599918351
34695	36.4432915406
28760	31.3317107093
42689	58.4389421162
136589	35.8476890526
44234	44.217118054
40498	40.5427428515
38966	52.5586408664
16812	58.9043540328
222888	52.2589820897
72332	54.4738151855
172688	39.12837024
45606	38.8194535807
36164	38.8784426501
41760	50.5866858238
5577	45.9924690694
34019	38.9429436491
56167	59.5581035127
39270	48.7318563789
169158	37.5879355396
28142	35.9924667756
43804	51.6779289563
5577	45.9745382822
41142	48.1721841427
32637	63.8539081411
139100	40.27821711
5577	45.9924690694
134973	41.292702985
172688	39.1254748448
40574	47.461428501
5577	45.9924690694
111506	39.7072803257
5577	45.9386767079
89596	38.8075360507
64787	59.6632040378
5577	45.9745382822
40273	35.400888933
49639	44.7833356836
65994	55.5126223596
175436	42.1601039695
41868	49.7993694468
39671	50.8482266643
69377	50.4057540684
48815	66.8749359828
28093	36.3008578649
38682	49.1132826638
88771	38.8865733179
75987	50.6941976917
68682	66.4788445299
40751	35.5868567643
68472	66.5308447249
31522	50.7708901719
46481	29.8229384049
76260	62.9687909782
45718	61.0525394812
5577	45.9924690694
176227	43.4910655007
175447	42.1614504665
7679	59.3697095976
77832	67.3411964231
3523	48.4246380925
17861	29.3544594368
38867	39.9722129313
52617	62.8390064048
33895	37.9170969169
40093	35.6945102636
44541	44.1570687681
56147	62.3613015833
87372	39.0033420318
35284	64.4314703548
75554	63.0224739921
78064	53.2652695224
38921	36.5869325043
40793	50.0796705317
43557	54.1336639346
120295	35.8443825595
76652	58.9312738089
168966	35.2934909982
40493	39.4636109945
62054	34.2459793083
5577	45.9566074951
6856	43.4364060677
31901	34.5788533275
51090	58.5652769622
60919	58.7386529654
41900	66.5680190931
34195	52.9960520544
57447	31.2392292026
41608	39.3097481254
5577	45.9566074951
49894	64.4486310979
43827	49.1820110891
35535	38.8659068524
41224	49.8762856588
42764	49.7918810214
50864	63.9351997483
174079	41.1376444028
5577	45.9566074951
5077	45.0265905062
74896	63.0407498398
133824	36.8551231468
60727	61.3236286989
50066	64.0454599928
33628	51.9061496372
162375	38.7873749038
66316	43.6787502262
59245	56.5347286691
31498	34.8244332974
68355	66.4984273279
175435	42.1706044974
53008	63.8601720495
6408	40.88639201
5577	45.9924690694
14113	41.0330900588
76129	58.9446859935
53226	43.022207192
56663	61.5039796693
14937	48.2292294303
68133	66.4553153391
59866	49.6943173087
41480	41.5597878496
22157	35.9434941553
51370	63.9147362274
36203	40.9551694611
162692	38.7468345094
41865	49.7981607548
46930	58.8472192627
41143	48.1710132951
172345	39.9129652731
59626	61.1578841445
5577	45.9566074951
121442	37.3585744635
43661	60.9949382744
32153	38.0835380835
125956	37.0732636794
40572	50.6013999803
179115	40.2953409821
5577	45.9386767079
5577	45.9207459207
174137	39.5108449095
95702	62.7165576477
52643	63.3949432973
357154	34.4226860122
47417	34.4749773288
66116	55.549337528
91715	49.3616093333
125658	32.5510512661
38437	31.5399224705
169148	37.6492775557
58671	61.6880571321
50081	64.0442483177
50740	36.7619235317
135400	43.5915805022
44496	55.1397878461
39360	40.6148373984
53085	63.577281718
34001	52.9602070527
29074	54.099883057
56276	60.9016276921
60137	64.7454977801
39646	47.4953337033
37235	38.8478581979
5577	45.9207459207
35867	36.3147182647
5577	45.9028151336
59443	45.1037128005
43121	43.4011270611
44609	45.5446210406
5386	44.3743037505
33989	33.5284945129
40000	40.6675
157501	39.9470479553
41310	52.2125393367
41901	66.5664303955
39761	47.3378436156
58405	49.9118226179
97139	37.2538321375
45808	52.3533007335
29237	52.9808119848
48502	62.6695806359
37359	57.4158837228
68307	66.4441418888
221908	38.6078915587
50066	64.0494547198
153401	64.6808039061
50989	64.1452077899
39890	49.8571070444
48941	65.4767985942
32345	34.5462977276
50844	63.9524821021
162449	38.7795554297
72728	54.7244527555
68662	67.5016748711
170254	37.5597636473
172688	39.1312656351
154474	64.7863070808
38772	35.4817909832
53366	63.0026608702
146193	40.1954949963
18227	29.3246282987
136947	43.6986571447
77779	51.2631944355
49016	29.7433491105
53935	63.0073236303
28811	34.7922668425
39522	72.6051313193
179203	40.2816917128
179155	40.2707153024
5577	45.9207459207
5577	45.9566074951
108297	60.878879378
42160	31.8477229602
36844	40.117793942
53746	67.4468797678
40395	52.2812229236
31774	34.6352363568
40080	40.127245509
129373	37.102795792
55349	55.5059712009
4530	41.1699779249
43079	61.7377376448
66507	68.9551475785
44714	34.1705058818
42454	66.132755453
115042	60.3231863146
179110	40.2785997432
36065	65.4457230001
41992	35.2233758811
5577	45.9386767079
60284	65.9063764846
38810	48.8198917805
5577	45.9386767079
47079	63.826759277
34692	39.1502363657
27363	37.4045243577
75779	63.0121801555
50897	64.2140008252
155800	64.7240051348
62661	64.9383188905
31276	39.4903440338
38241	51.5049292644
31247	32.1726885781
49894	67.1864352427
51372	63.9920579304
39816	48.7768736186
120938	40.0436587342
66235	55.5929644448
52288	61.358246634
44570	48.8893874804
30577	34.6698498872
29454	53.8330956746
5577	45.9566074951
165031	38.1019323642
88322	54.7938226037
29377	54.2669435272
135391	43.6144204563
43731	45.2813793419
64756	36.5587744765
58371	49.7747168971
15630	60.0255918106
155759	64.70573129
50082	65.698254862
5577	45.9386767079
81541	60.1378447652
179208	40.2794518102
5577	45.9566074951
30961	34.3238267498
60813	66.2703698222
50892	63.9923760119
37995	41.8581392288
51367	63.8912142037
61035	50.1908740886
52122	61.5210467749
88255	54.6280663985
28265	35.9455156554
168188	35.3729160225
156446	49.8766347494
155445	64.602914214
55391	56.8449748154
49797	50.701849509
28437	35.2498505468
36051	50.6393720008
33607	40.7980480257
52738	61.962910994
5577	45.9386767079
192108	38.5658067337
68328	66.5173867229
81128	61.6273049995
76479	62.9192327306
26906	36.2967367873
107530	52.3007532782
175429	42.1572260003
52963	63.2271585824
57034	51.3325384858
54312	38.109441744
41666	53.3744539913
66278	54.9956244908
68597	66.4096097497
38286	32.6072193491
78751	49.7034958286
40164	39.8765063241
5577	45.9566074951
162151	38.6664282058
52162	50.8262719988
139681	31.8268053637
72098	39.535077256
54506	61.8996073827
42894	32.037114748
49316	29.3839727472
32109	38.0360646548
53219	62.5866701742
30903	35.0030741352
52684	61.9296181004
30924	47.7299185099
80123	60.7852926126
176428	37.6442514794
178873	40.2704712282
37933	34.5398465716
78296	56.8522019005
42154	46.9231864117
46596	58.5500901365
45161	68.7982994176
29503	53.9368877741
49714	55.4129621435
46596	58.5479440295
43551	55.4246745195
53790	67.5051124744
57050	65.3777388256
46985	58.5420879004
42702	32.0078684839
41143	48.1661522009
34428	40.2521203671
59872	50.9971272047
51591	63.5905487391
170496	37.6653997748
33035	35.4987134857
59100	56.3011844332
29526	54.0269592901
51743	63.8192605763
5577	45.9386767079
65243	63.3523902947
65108	59.6777661731
51342	66.323867399
81184	44.9780744974
41901	66.5616572397
168929	39.5639588229
46732	67.4741076778
5577	45.9566074951
37202	38.6538358153
36596	35.3672532517
172688	39.1277911609
51821	44.0226935026
40058	58.4053122972
38092	28.1292659876
38773	67.4541562427
175448	42.1589302813
30958	42.6771755281
59899	34.3761999366
153962	38.1444772087
39234	48.9473415915
5486	45.7528253737
43707	61.0748850299
67383	57.0499977739
48396	29.5520290933
70115	68.2521571704
43017	44.2383243834
53058	63.7453352935
149732	50.724628002
17727	66.5087155187
38243	29.0484533117
5577	45.9924690694
179142	40.2764287548
41231	51.3885183478
40940	51.4264777723
57253	67.9667441007
39108	28.0760969623
49822	28.9751515395
57638	39.6092855408
171451	39.5150801104
39804	35.7979097578
31700	32.1545741325
67768	66.5859992917
68719	66.4881619348
42029	37.8857455566
6834	43.5030728709
173817	39.5830097171
174790	39.5732021283
106327	60.7935895868
34396	35.8210257007
216121	41.1797095146
38940	39.9435028249
42564	33.8126115967
73325	47.0398908967
52850	63.5023651845
59879	64.7656106481
43510	42.7028269363
29704	54.0364934016
44573	39.5755277859
39142	50.5211792959
55023	51.0295694528
148464	30.2234885225
32241	34.4964486213
66275	55.6212749906
123490	45.3720949065
109871	60.7448735335
75994	32.5473063663
43047	53.7644899761
40692	34.6235132213
45962	49.3037726818
33953	39.913998763
179558	41.0975840675
57123	48.7316842603
175438	42.1533533214
42844	53.8021659976
41283	52.5833878352
69306	68.8684962341
94766	45.6418968828
43922	33.2771731706
38243	29.0562978846
37887	49.7241797978
50891	64.1979917864
53182	65.601143244
33253	40.8745075632
108483	39.2402496244
41142	48.1794759613
222619	41.5741693207
42652	35.4192066023
61208	66.1841589335
35948	64.4236118838
51370	63.8855363052
92068	44.7267237259
42265	35.5092866438
224502	41.5947296683
35430	62.5007056167
39828	40.0296273978
5016	45.3548644338
35966	38.11377412
61644	57.2659139576
41065	47.2494825277
155205	64.6609323153
5577	45.8131611978
5475	45.3881278539
42925	51.8835177635
18199	29.2873234793
47636	41.6323788731
172688	39.1254748448
5577	45.9566074951
93843	61.9481474377
5577	45.9207459207
50339	42.6468543277
31181	34.5498861486
36931	38.9347702472
89748	26.9476757142
30071	36.9325928636
38625	50.2783171521
19089	28.2571114254
171292	39.3672792658
176183	39.5480835268
271182	49.8724104107
90000	38.8488888889
60526	66.2244324753
40605	52.5157000369
168272	39.3214557383
11703	28.710587029
84565	43.8301897948
6068	44.825313118
171179	39.376325367
21684	35.2933038185
38384	34.6967486453
41982	47.7133057024
49390	47.67159344
41077	66.4337707233
5529	46.1385422319
42134	46.9264726824
58308	67.9426493792
50841	64.0132963553
66111	55.7244634025
161772	38.6537843385
40555	63.225249661
5577	45.9566074951
5577	45.8848843464
5386	44.8013367991
30556	36.3201989789
42481	33.3090087333
13327	46.3495160201
68633	67.4777439424
42832	54.6063690699
5577	45.9207459207
39046	38.5135481227
17938	28.9441409299
22825	35.7064622125
58065	61.3140446052
5577	45.9924690694
5577	45.9924690694
82008	33.9064481514
40161	41.9660865018
33900	38.4483775811
70657	55.977468616
5577	45.9386767079
172342	39.2475426768
29801	37.0390255361
45912	49.3422198989
86155	39.006441878
145964	45.6071360061
28022	35.9717364928
32503	31.1478940406
223270	41.6070228871
38257	33.3089369266
70265	61.5840034156
168394	35.3700250603
5577	45.9566074951
222767	41.6215148563
6039	44.7259480046
47595	35.3818678433
175309	42.1644068473
35843	39.0397009179
34524	33.4462982273
42830	61.7487742237
50877	64.0014151778
162816	37.7843700865
217673	41.5444267318
41901	66.5712035512
52481	63.845963301
49579	48.0344500696
214751	41.5350801626
73787	38.9621478038
33755	43.1373129907
31033	34.9208906648
68314	66.454899435
32296	40.2526628685
82438	41.3061937456
33697	41.2291895421
43786	34.0359932398
36019	41.5808323385
49847	28.9325335527
5577	46.0821230052
30238	36.2027911899
27704	35.3811723939
42418	46.8126738649
51896	46.9361800524
62274	49.319138003
48596	63.9990945757
93198	49.4978433014
169947	40.0277733646
59802	43.2142737701
77375	50.7011308562
43977	60.8272506083
45552	33.4145591851
58338	62.0041825225
5386	44.4857036762
34730	34.1289951051
175145	42.1359445031
5577	45.9566074951
48493	57.0762790506
37432	48.3009189998
52873	61.3526752785
112285	60.6332101349
30974	42.6777297088
14942	48.3536340517
44389	60.8191218545
90270	39.0029910269
39562	58.164400182
42963	60.6987407769
54566	33.46406187
41441	66.6899930021
35835	39.0735314637
40740	49.911634757
5577	45.9386767079
43374	60.6907363859
132541	36.0273424827
59419	61.1319611572
40397	35.168453103
5386	44.3371704419
87662	39.018046588
19366	39.6622947434
41351	51.3361224638
219372	31.3130208048
62708	49.9027237354
34235	40.2307579962
5577	45.9207459207
50072	65.130212494
82101	39.0202311787
64021	49.9804751566
50800	46.0846456693
133057	35.933472121
48984	66.7360770864
175433	42.1767854395
72329	54.4124763235
171192	39.3756717604
38622	30.8554709751
53746	67.4450191642
39704	49.7758412251
46389	58.6626139818
39689	41.0995489934
42638	47.1691918007
151519	49.3819256991
38334	36.5758856368
131952	36.0130956712
221746	41.5078513254
133531	49.4971205188
43516	65.9481569997
44256	43.4585140998
37840	64.1146934461
43444	59.1773317374
6259	44.3521329286
83324	58.1789160386
248605	41.258623117
5577	45.9386767079
156558	64.6916797609
148567	46.3333041658
189311	40.4905156066
52155	61.5243025597
42703	40.5943376344
177300	40.6339537507
45805	44.2135138085
39783	47.6510067114
29631	35.1152509196
4472	58.6314847943
48814	48.5352562789
44936	66.1807904575
146141	40.2645390411
172686	39.1201371275
5577	45.9207459207
31495	34.8214002223
39282	51.9372740695
21115	36.717973005
284757	43.4552969725
47457	58.6025243905
58739	45.2476208311
33701	37.3609091718
66015	54.9435734303
80649	47.0061625067
41918	54.1080204208
158006	50.3980861486
66611	59.551725691
51802	49.8166093973
139806	30.2283163813
18855	24.8263060196
43931	49.1088297558
51502	63.8557725914
32122	31.4457381234
40286	35.0469145609
30910	35.9883532837
60216	56.5265045835
35330	44.8740447212
243050	51.2898580539
22350	35.8657718121
88403	38.9432485323
61164	61.6522791184
18168	28.9079700572
57677	49.6801151239
5577	45.9566074951
173578	43.8644298241
45354	44.2937778366
72825	55.2021970477
25085	43.9186764999
29451	53.6552239313
108627	61.1459397756
130952	35.8879589468
71248	43.4917471368
46717	44.215167926
5577	45.9207459207
19260	53.1723779855
5577	45.9386767079
5475	61.6621004566
45636	33.4757647471
40879	39.1447931701
40353	60.0079300176
40248	38.4118465514
46048	33.1914523975
33004	60.7199127378
68506	66.4467345926
6662	62.6088261783
34155	45.6389986825
4851	45.4545454545
42596	66.1329702319
31945	34.5750508687
51277	63.6991243637
5577	45.9207459207
80297	65.7508997845
71173	46.927908055
40138	34.1496835916
151483	32.625443119
50883	64.0056600436
139682	31.8244297762
155167	64.6477665999
39422	50.8066561818
31051	32.156774339
38253	48.1766135989
45633	48.8615694782
56332	40.2559823901
41170	34.5955793053
162040	38.7552456184
39166	44.5922483787
179559	41.1118351071
71443	32.8835575214
75796	62.9650641195
36202	35.951052428
43190	41.1738828433
75680	58.9482029598
51374	63.9253318799
104906	37.7738165596
50930	61.0818770862
39693	49.9886629884
69409	67.5258251812
58208	45.1260995052
67744	66.557923949
41569	46.067983353
49462	50.6105697303
42784	35.6348167539
39707	38.036114539
67277	69.0250754344
69271	66.3481110421
168809	34.5437743248
43447	49.9712293139
155714	64.7173664539
42282	33.4634123268
5577	45.9386767079
147940	46.2978234419
39371	49.5466206091
32150	34.9362363919
58059	45.1523450283
43411	44.8895441248
167396	35.2374011326
5577	45.9386767079
158305	38.7511449417
56580	66.0993283846
40598	39.2753337603
57256	69.2556238647
48172	36.2119073321
5577	45.9386767079
66854	46.1976845065
42966	62.2701671089
29440	53.9164402174
50827	60.6606724772
52291	47.2777342181
59100	56.3011844332
41697	52.7040314651
51889	42.213185839
75626	59.2759104012
68674	67.536476687
5577	45.9207459207
52462	63.1523769586
41054	52.5649145028
54173	33.4945452532
221929	41.5714034669
39399	45.084900632
144974	48.1803633755
35814	52.8703858826
36892	51.0381654559
49494	44.6155089506
50431	41.3456009201
38689	50.1563751971
37910	38.9976259562
56637	51.3180429754
28068	36.2227447627
76269	59.2914552439
142499	30.2591597134
59601	64.1331521283
56445	68.3320046063
57930	50.6076298982
33433	35.3094248198
44249	40.1568397026
40823	41.6701369326
38253	48.1661569027
49675	42.6774031203
36949	35.6789087661
36730	34.6882657228
4623	42.8077006273
21437	45.1928907963
5577	45.9566074951
139004	36.8881471037
18343	27.0402878482
40556	57.5401913404
68138	66.5091432094
39790	48.6353355114
5577	45.8848843464
5577	45.9566074951
35538	35.1876864202
36629	64.2933195009
56279	61.4918530891
171289	39.3685525632
47647	44.3280794174
166499	35.6746887369
52823	63.451526797
33903	37.9169984957
228143	41.618633927
67436	68.9928228246
26111	46.3061544943
42027	43.6243367359
49768	67.6519048385
122024	40.6141414804
58566	58.3990711334
76964	58.9197546905
31703	48.0238463237
52044	61.4806702021
39136	57.8904333606
5577	45.9207459207
60190	61.2394085396
51319	60.7708645921
152308	49.3572235208
134073	26.1961767097
68839	66.5189790671
38614	36.1138447195
66063	55.4122579962
5577	45.8848843464
37940	28.4607274644
46484	67.1887100938
276025	46.7925006793
5577	45.7952304106
172691	39.1346393269
165919	35.5673551552
8576	61.71875
15319	60.2715581957
32180	34.484151647
123104	37.0767806083
204930	41.1052554531
22884	35.4308687292
148564	30.4050779462
5577	45.9207459207
161989	31.082357444
52437	46.020939413
166977	35.4533857956
176044	39.0924996024
163041	38.7497623297
38753	30.4208706423
40003	34.9748768842
61580	49.1685612212
50536	65.7748931455
51366	63.9469688121
61812	67.2296641429
41185	39.9902877261
197361	34.3208637978
59807	64.6345745481
5386	44.727070182
45798	39.099960697
176043	39.1188516442
35061	39.3314508999
26499	42.7110456998
59173	52.9481351292
44400	53.7252252252
62112	65.349690881
69815	65.4157416028
50614	63.5318291382
43914	61.2196566015
39552	62.5353964401
29428	54.1694984369
39646	47.4953337033
39867	42.9101763363
44395	45.3902466494
53701	63.8125919443
156897	36.4468409211
5577	45.9386767079
43278	37.36078377
50514	62.6935107099
42696	32.0076822185
15540	59.7619047619
60609	66.6930653863
5577	45.9386767079
5577	45.9924690694
75931	63.1151966917
35700	35.5350140056
61248	64.9376306165
53226	43.022207192
42593	53.715399244
69378	67.4839286229
171407	39.3332827714
179558	41.1131779147
48639	66.8866547421
65795	54.9373052664
29463	54.4411634932
39026	50.102495772
157785	44.6854897487
42508	62.1953514633
42252	34.3060683518
39949	40.5967608701
49190	64.1512502541
45537	66.3680084327
38329	30.363432388
37667	35.3784479783
137947	43.560932822
68386	57.6038955342
60310	66.5992372741
50552	45.5550720051
47780	64.2800334868
171292	39.3672792658
156430	41.9273796586
42492	61.7575072955
77266	41.9835373903
75028	49.2602761636
41901	66.5640438176
32239	34.4985886659
43505	62.8318584071
36466	44.2796029178
41871	62.1145900504
36753	45.0330585258
50250	42.4756218905
5577	45.9566074951
31007	45.7445093044
29574	54.1353891932
49178	42.8809630323
162101	34.5599348554
39803	35.7912720147
70214	65.3402455351
61081	67.3007973019
192117	38.6571724522
51083	63.9077579625
240413	48.5402203708
5577	45.9386767079
53996	40.4492925402
60894	50.2299077085
154349	64.7318738703
58984	39.7684117727
5577	45.9924690694
168395	35.3721903857
36953	37.29602468
88531	38.8485389299
39965	41.1209808583
36798	35.8361867493
5577	45.9207459207
5577	45.9028151336
57081	40.0448485486
51505	59.784486943
24645	37.3382024751
74533	63.0539492574
5577	45.9207459207
37235	38.2731301195
236567	37.1539563844
5577	45.9207459207
62708	49.9011290425
52261	28.8704770288
179210	40.2823503153
42822	34.3888655364
41143	48.1758743893
44163	60.8292009148
193281	40.6356548238
38351	34.3406951579
29347	54.0395951886
7107	44.378781483
77448	42.048858589
49329	34.7402136674
61167	64.2830284304
74675	63.0077000335
42957	62.2785576274
39651	49.6809664321
5577	45.9207459207
76012	58.9025417039
93147	49.2672871912
48754	50.769167658
151924	50.5561991522
175648	42.1689970851
179516	44.8968337084
14510	34.2384562371
8784	45.1616575592
58405	49.9118226179
132949	32.5079541779
5577	45.9745382822
157498	44.5980266416
29767	51.1002116438
62822	49.6068256343
155286	64.7817575313
46627	58.5583460227
27960	36.9957081545
53432	66.5537505615
35256	38.7253233492
44371	61.1390322508
43267	53.9787829061
164018	40.441902718
34635	35.8683412733
74483	62.9365090021
15630	60.0319897633
37359	64.2495784148
42906	33.0839509626
66530	55.6170148805
6533	58.4417572325
49973	40.8260460649
161552	38.6699019511
5577	45.9207459207
36969	47.7021288106
160281	41.3305382422
279967	62.1726846378
157834	51.9837297414
29247	34.977946456
5577	45.9566074951
52530	63.7559489815
41803	47.063607875
66450	55.0729872084
46450	29.8234660926
50526	51.2369868978
42335	40.3850242116
46054	43.5119642159
174785	39.6304030666
34067	35.3920216045
44077	54.4206729133
167552	35.4719728801
42201	54.1977678254
41243	39.313338021
41977	40.1100602711
63395	49.5039040934
49037	50.5251136897
31766	46.6032865328
176285	39.5564001475
43216	38.4764901888
44172	40.0434664493
44716	64.4981662045
8651	44.5266443186
69904	68.3422980087
41077	66.4313362709
33517	34.4243219859
50877	63.9994496531
41291	40.0716863239
174231	41.1878483163
75167	50.7975574388
34892	31.9672131148
5577	46.0103998566
41307	34.0087636478
63560	60.3492762744
136203	34.5763309178
43032	55.3518311954
52726	61.9182187156
5577	45.9924690694
72192	54.9160571809
72321	54.8181026258
74669	52.0898900481
17118	68.6178291857
5386	45.0798366134
45445	49.8382660359
50552	45.5847444216
36570	64.1919606235
67774	66.4945259244
171282	39.3596525029
5577	45.9386767079
126177	32.5455510909
32242	34.4612617083
40975	47.4020744356
57895	67.9765091977
53226	43.022207192
6386	62.1202630755
29328	54.0814238953
78302	54.4519935634
45415	37.5778927667
51386	63.9765694936
5577	45.9386767079
33084	40.1855881997
37246	42.0716318531
41081	34.7240816923
45403	45.8912406669
89817	38.8567865772
42093	56.3680421923
148612	37.4343929158
43056	53.4257710888
152372	32.5860394298
43017	55.4362228886
30389	34.7132185988
229501	49.1370407972
39578	49.5856283794
30811	34.6694362403
65729	54.9666053036
5577	45.9566074951
60238	49.0670340981
175432	42.1553650417
68637	66.3752786398
5577	45.9028151336
29214	54.1213116999
71778	43.3447574466
64791	59.566915158
42204	41.2899251256
234900	30.7641549596
76179	62.9241654524
171276	39.3762114949
41754	50.8454279829
93017	49.2608877947
37030	37.9341074804
57052	61.3755871836
49381	62.1615601142
68873	66.3961203955
139020	43.6088332614
175435	42.1592042637
29255	54.1616817638
56051	43.4925335855
51781	63.6565535621
50605	28.6829364687
36844	51.3027901422
37313	40.8892343151
39188	30.2618148413
44974	60.9018544048
70654	69.1057831121
5001	40.1519696061
153766	64.7353771315
167619	44.7019729267
156176	39.8588771642
30016	54.4043176972
76271	58.7221879876
31449	39.9662946358
42351	62.2629926094
179233	40.2682541719
33509	53.3647676744
33181	39.5859075977
5577	45.9207459207
172684	39.142595724
50101	63.8051136704
51374	63.901973761
145647	30.411886273
29612	54.0692962313
147284	33.448303957
61041	68.5473698006
68311	66.5046624995
46140	67.5032509753
38528	37.4818313953
93686	61.9847148987
41510	59.1568296796
41142	48.1843371737
56537	63.4982400906
68090	67.566456161
167266	41.6982530819
70413	59.1836734694
5577	45.9207459207
5577	45.9207459207
30651	40.820854132
39693	31.0482956693
65839	65.0526283814
3762	50.5316321106
28921	36.1398291899
170473	39.3029981287
5387	44.6630777798
42765	51.3480650064
154872	64.683093135
5577	45.9566074951
175440	42.1642726858
5577	45.9924690694
158432	44.5269894971
5577	45.9566074951
37068	66.2539117298
51373	63.9168434781
66257	55.5805424333
50841	64.0526346846
62708	49.9027237354
53486	64.4635979509
15556	60.111853947
135831	35.8681008017
29442	54.2490319951
81509	46.8745782674
5577	45.9207459207
5577	45.9745382822
41632	51.1697732513
40003	34.9748768842
51369	63.9043002589
161929	38.7107930019
42399	33.9206113352
5577	45.9566074951
5577	45.9207459207
33823	35.9311710966
34659	47.8173057503
40165	34.8562181003
5577	45.9566074951
5577	45.9386767079
41941	65.1033594812
29742	52.8377378791
42480	46.4077212806
29217	54.3792997228
29323	54.4078027487
32222	35.764384582
59878	64.4527205317
38764	34.0135176968
35395	38.4997881057
179203	40.2699731589
35800	35.8687150838
36595	35.2889739035
47618	66.9935738586
229957	38.7250659906
50109	45.442934403
175433	42.1408742939
5577	45.9028151336
33410	39.5779706675
44929	38.6276124552
39199	62.0832164086
80955	61.5490087085
50657	63.5548887617
68492	66.467616656
49362	41.9006523236
42313	44.6694869189
49135	62.1471456192
177643	40.6365575902
5577	45.9745382822
5577	45.9207459207
206713	49.0748041971
46237	55.0338473517
69396	34.5725978443
34967	37.1807704407
51250	63.923902439
39693	72.5115259618
5577	45.9566074951
74533	63.0566326325
174281	42.1904854803
5529	46.4640983903
53330	64.3671479467
179111	40.2560423425
101724	43.1530415634
112523	52.3155266034
71565	70.0034933277
49577	63.6282953789
171279	39.3661803257
33596	29.9886891297
161140	38.7203673824
41524	55.967633176
47021	49.1163522681
46673	58.6506117027
74210	63.0225037057
39104	48.9719721768
70838	70.0062113555
151419	41.1540163388
35985	65.4272613589
44866	37.5941693042
43809	54.0733639207
29602	54.0233767989
43336	61.560827026
174895	42.1715886675
52162	50.8262719988
39235	48.6580858927
53622	63.5597329454
43865	53.851590106
52344	61.4053186612
50856	64.0042472865
39012	53.0631600533
5577	45.9386767079
174268	42.1965019395
46448	29.9883740958
58638	70.3878031311
54319	50.6397393177
49033	58.4932596415
5577	45.9566074951
46455	29.8374771284
62708	49.9011290425
52869	42.9079422724
167785	35.3202014483
58353	45.1750552671
50866	64.0545747651
42612	50.8776870365
109960	60.7502728265
193001	40.6370951446
93129	49.2875473805
5577	45.9566074951
171541	40.2218711562
51094	64.956746389
142563	67.4656116945
36012	30.592580251
179101	40.2677818661
43639	62.3456082862
39841	61.0802941693
38539	40.8547185967
5577	45.9028151336
37395	38.1307661452
172879	39.7624928418
9174	34.1835622411
43394	34.267410241
45285	65.2467704538
47159	38.7497614453
158986	44.7064521404
138036	35.8703526616
235374	48.2937792619
58979	53.0086980112
5577	45.9386767079
39948	42.778111545
29806	54.0428101724
137836	30.4049740271
34580	38.4384037016
229319	66.1606757399
5577	45.9386767079
16945	34.57657126
62252	34.2366510313
33756	38.5946202157
42439	58.9504936497
31772	34.643711444
52338	52.3749474569
42601	60.611253257
32583	34.5272074395
17602	29.5875468697
35242	54.8720276942
53588	63.3164141226
5577	45.9386767079
51238	62.0516023264
76631	44.2210071642
168489	55.7537880811
43225	54.6350491614
50066	65.9289737546
34812	41.6408135126
59815	56.5527041712
41156	36.553600933
5538	45.8649331889
234670	28.7173477649
5577	45.9207459207
50773	65.6667914049
63552	50.1762336354
17972	34.4869797463
43227	62.4424549471
41143	48.1831660307
41898	35.7415628431
44094	54.1411529913
165868	40.4074324161
134643	29.9725941935
46619	58.6456165941
5577	45.9566074951
43428	49.5763102146
5577	45.9745382822
37252	38.4408890798
164227	37.7861131239
4529	40.9803488629
179254	40.27692548
154371	39.8565792798
18607	33.1971838555
5577	45.9207459207
33996	41.9519943523
37184	38.0297977625
131704	26.4152949037
134927	26.1600717425
28527	36.4391628983
5577	45.9566074951
171296	39.3686951242
271084	49.8808487406
32527	45.998708765
24847	37.8717752646
29880	50.421686747
91212	49.3049160198
5577	45.8848843464
50861	41.2850710761
29451	53.821601983
225418	41.6018241667
81656	35.3458410894
38776	36.4761708273
71726	55.9880656944
50877	64.0014151778
43733	45.0437884435
103299	51.1050445793
131095	26.1390594607
45451	41.5854436646
133486	50.1228593261
62236	66.447072434
5577	45.9566074951
56224	49.9448634035
70176	61.6393068855
90552	44.8107164944
52055	63.6480645471
30616	36.088973086
5577	45.9028151336
28764	35.141148658
174204	39.5708479713
42902	34.5391823225
5577	45.9566074951
51372	63.9433932882
59024	56.4177283817
35636	36.1432259513
248088	41.2345619296
51621	63.3869936654
156281	58.7384262962
40048	52.8915301638
40029	51.677533788
73697	62.8858705239
48670	66.9262379289
28876	54.7063305167
142204	37.9201710219
53664	31.5351073345
149162	50.8319813357
44844	37.5992328963
37990	41.7794156357
30882	35.0074477042
41143	48.1855965778
142096	30.3963517622
59167	53.0261801342
47142	30.1981248144
5387	44.5516985335
38514	37.9290647557
61882	66.701140881
48589	42.0856572475
54896	51.114835325
33800	46.298816568
87998	38.9838405418
26421	36.5050527989
118537	39.5176189713
50574	66.8386918179
68494	66.4802756446
35188	35.3813800159
5577	45.9566074951
48666	59.8343812929
43788	57.2257239426
50948	67.0016487399
68427	66.5102956435
131332	30.0109645783
41528	49.6532460027
32431	35.715827449
162865	38.0001842016
168394	35.3700250603
42289	66.7218425595
64144	55.6232851085
40443	46.5247385209
51552	65.7064711359
40551	57.8333456635
68596	66.4557700157
53286	43.0188041887
173276	39.8220180521
189418	38.9382212884
34926	41.5192120483
40448	33.7470332278
28565	36.4221949939
41487	42.5699616747
45373	37.8374804399
53111	63.467078383
153894	64.7426150467
41391	47.4306008553
45236	34.4880183924
41783	47.0789555561
166783	35.410683343
41593	60.9020748684
41560	30.8926852743
39874	40.7057230275
157855	44.5446770771
33719	32.7085619384
70774	43.0737276401
43851	59.829878452
8555	44.2898889538
43516	32.849986212
48454	50.204317497
40986	47.0599716977
33133	44.3726798056
55765	61.527840043
52390	63.8137049055
5577	45.9566074951
45653	43.6532100848
36168	38.4124087591
41143	48.168582748
44601	39.2166094931
47760	48.9551926298
29041	53.9754140698
5577	45.9745382822
162422	41.1274334758
76050	59.3438527285
24320	30.3618421053
88698	40.1576134749
49013	29.7268071736
155034	64.7419275772
50999	60.761975725
89607	39.4355351702
5184	38.3101851852
47785	33.7511771476
29032	35.3644254616
41005	44.9311059627
159656	38.0587012076
84419	39.0125445694
54655	63.5550269875
130008	32.3595471048
137973	43.5585223196
41149	41.5247029089
179204	40.280350885
30974	42.6777297088
49014	29.7282409108
179206	40.2709730701
88135	54.7296760651
43305	34.4463687796
45648	35.4517174904
163875	41.2973302822
77031	58.8594202334
50768	63.9910967539
279845	53.4042058997
25865	36.5977189252
42999	53.559385102
44203	53.9669253218
97906	47.7284333953
41712	34.553605677
44375	51.4321126761
168470	35.2751231673
45242	34.4635515671
60588	68.437644418
45218	54.5512848865
139750	30.3227191413
50053	63.9741873614
5577	45.9566074951
66103	54.9173259913
46570	67.1118745974
5577	45.9386767079
60523	50.2965814649
36298	38.748691388
27203	35.3784509062
5540	46.2996389892
60973	67.4364062782
125114	40.217721438
42874	62.137892429
5688	58.0344585091
41184	51.2844794095
43135	33.657122986
5577	45.9028151336
5577	45.8848843464
47288	49.6383860599
5577	45.9386767079
67170	36.456751526
36734	28.5103718626
44492	68.5808684707
179110	40.2808330076
5577	45.9386767079
44492	33.5678324193
36671	51.0457854981
68324	66.4656636028
35025	38.7894361171
93139	61.9321659026
42371	34.6864600788
31147	39.2108389251
34897	35.8311602717
36661	50.1895747525
29254	54.5874068503
35211	38.8656953793
174413	41.8174103995
46570	30.0128838308
40008	58.2333533293
40048	41.1955653216
14270	68.3812193413
56692	61.4178367318
52732	63.5761966169
166452	35.3987936462
5577	45.9028151336
25032	30.5648769575
40411	61.7505134741
39235	51.7573595004
30876	34.8555512372
5577	45.9566074951
64562	59.6744214863
66182	55.4894079961
133710	49.9244633909
40781	40.1902846914
40710	49.9115696389
23946	30.623068571
43075	61.4161346489
39751	33.9588941159
53242	45.9449306938
159991	46.7045021282
5577	45.9386767079
179109	40.2726831148
51017	64.0002352157
44492	45.4149060505
40981	55.6867816793
5386	44.4485703676
160342	44.4630851555
36627	31.9491085811
5577	45.9207459207
169621	37.575536048
168920	35.2906701397
174193	39.5630134391
5386	44.727070182
39938	48.39751615
39387	50.0215807246
170523	39.5125584232
38269	37.3592202566
37952	32.0720910624
5577	45.9207459207
29882	36.6909845392
46978	31.6041551364
40403	39.9722792862
36636	41.3964406595
32052	34.7685011856
34958	54.8715601579
171211	40.6305669612
31987	35.6175946478
39786	50.4850952596
40408	42.4841615522
51366	35.445625511
37456	37.8016873131
69030	66.521802115
5577	45.9745382822
5577	45.9566074951
160570	37.6284486517
5577	45.9028151336
131326	26.4273639645
164302	39.4663485533
5577	45.9386767079
72028	54.8967068362
5540	46.083032491
5577	45.9745382822
60714	62.779589551
30456	36.7152613607
45585	33.2806844357
188427	49.0370276022
45626	52.0207776268
80647	33.9826651952
58200	52.2405498282
162160	50.2799703996
165772	35.537364573
41768	49.7821298602
74611	47.9151867687
62706	49.9011258891
55597	33.6888681044
128375	34.9585199611
41143	48.1734438422
175430	42.1672461951
44638	54.6529862449
51236	63.8574439847
29506	53.7619467227
5577	45.9924690694
56024	47.9223190061
139928	27.930078326
5819	61.5054133013
141836	30.3709918497
76131	63.0452772195
179206	40.269299019
49531	63.8206375805
57849	50.678490553
172681	39.1322728036
175432	42.1519449131
29261	53.9181846143
52693	63.3936196459
34719	41.568017512
40284	39.8048853143
7878	23.0134551917
222709	41.5573685841
29017	53.9718096288
172688	39.1312656351
44677	34.2614768225
29327	53.711596822
175440	42.1614227086
32413	33.0978311171
17119	68.6138209008
51160	66.9859265051
29467	53.9213357315
38989	33.9788145374
6094	45.2084017066
65762	54.9283780907
71547	55.9981550589
42954	62.3317968059
5577	45.9566074951
139738	30.2194106113
53432	63.1587812547
40866	32.7436010375
40670	33.289894271
38731	62.7507681186
46150	52.1321776815
66283	55.0080714512
39365	46.2212625429
5577	45.9924690694
29202	54.1743716184
33274	29.6117088417
125656	32.531673776
164297	37.620893869
50298	45.3755616526
5577	45.9566074951
51376	63.9656649019
46932	58.8468422398
65334	50.0642850583
26769	36.6281893235
42653	35.0995240663
51797	63.9631638898
128546	32.5315451278
30420	30.5391190007
19347	38.8225564687
5577	45.9924690694
182180	37.0863980678
57455	60.6387607693
41268	41.3855772027
36979	38.9383163417
22240	35.8633093525
66810	34.5053135758
62978	60.7085013814
90743	39.7606426942
40765	53.2221268245
25740	36.4646464646
51374	63.8591505431
61251	67.2544121729
128178	32.5516079202
84694	43.3867806456
43891	60.6502472033
33045	39.7397488274
68637	66.3723647595
8460	58.4869976359
37755	40.055621772
225268	42.9967860504
39520	66.8269230769
163201	34.7467233657
35468	34.8426750874
58065	68.2321536209
56212	70.5418771792
45366	51.9552087466
5577	45.9386767079
174272	42.1823356592
70428	69.0747997955
38253	48.181841947
51436	63.8735515981
64900	49.7673343606
5577	45.9386767079
164093	39.0059295643
37375	38.3411371237
89937	26.9444166472
130138	60.1745839032
169223	46.0315678129
33380	35.1587777112
41142	48.1673229303
47724	58.6371636912
47800	66.6841004184
31446	35.7692552312
46496	29.8262216105
5577	45.9028151336
155292	64.7354660897
68804	66.4045695018
110901	39.1619552574
64613	65.9882686147
57249	67.9662526856
38969	45.1846339398
68569	66.4556869722
33609	27.4777589336
166418	40.5124445673
43552	56.2132623071
109575	61.18275154
37664	47.4856627018
94870	65.8806788237
52715	63.7313857536
47112	44.0779419256
169285	40.3331659627
35560	48.7654668166
53242	43.0130348221
41143	48.168582748
5386	44.5042703305
39162	42.8578724274
46365	68.3144613394
159071	39.4521943032
42902	34.5415132162
46496	29.8262216105
33178	34.6585086503
47287	66.7942563495
73495	63.034220015
93839	38.0428180181
42979	65.3784406338
61765	49.3888124342
167034	39.5224924267
37373	35.1296390442
174311	43.8308540482
62337	63.9315334392
48800	39.9754098361
51071	66.9616807973
52807	62.3004525915
43277	61.1340897012
75462	59.4802682145
67702	66.5209299578
52428	63.7235828183
58226	51.9029299626
309208	47.725479289
18397	34.8100233734
186386	41.3207000526
53636	61.494145723
35638	39.2586564903
51601	51.4854363288
41720	49.7315436242
81291	57.6336863859
62708	49.9027237354
47343	52.2653824219
57061	63.3918087661
55094	61.64373616
34758	42.6491742908
42428	46.8157820307
47020	28.4049340706
63253	49.450618943
5386	44.4857036762
41684	48.2823145571
156628	44.5329059938
196842	41.5358510887
34176	45.0491573034
179323	40.2920986153
51884	66.6949348547
162359	38.6981935094
68450	66.4981738495
224791	41.6124311027
18275	30.0957592339
5577	45.9386767079
51367	63.9145755057
43458	33.3195268995
68311	66.5090541787
5577	45.9924690694
37974	34.9449623427
5577	45.9386767079
50884	63.9945758981
45985	33.110796999
70120	68.268682259
49452	65.6131197929
77874	61.5455736189
168395	35.3715965438
5577	45.9924690694
44018	45.0361215866
171216	40.6299644893
31332	43.7922890336
42696	32.0100243583
37282	39.4184861327
87887	33.9595161969
15603	31.4170351855
164270	40.4991781823
5577	45.9566074951
40787	40.4761321009
43223	45.3346597876
77327	42.0629275673
28914	50.1729266099
158136	52.6527798857
35644	41.8443496802
58985	61.3715351361
29249	54.0394543403
15556	60.111853947
50345	41.4440361506
5577	45.9207459207
224378	41.6208362674
93754	49.3525609574
53369	63.6118345856
57766	61.8322196448
88097	54.8270656208
5577	45.9028151336
36847	64.1978994219
176055	41.7789895203
67617	65.9567860154
49483	65.6023280723
40917	34.0665249163
101986	31.1130939541
39122	68.544552937
15179	33.0390671322
41143	48.1661522009
4248	50.8239171375
168993	35.3819388969
53387	62.1106261824
31090	34.3100675458
59084	45.225441744
44400	49.7364864865
5577	46.0103998566
40834	36.1071655973
39024	49.9231242312
80650	47.0068195908
156338	45.587125331
46083	42.7055530239
103737	38.9330711318
5577	45.9386767079
29453	53.817947238
46243	38.6025993123
5577	45.9566074951
45580	67.259763054
43461	51.1516071881
226849	41.5470202646
42240	66.0298295455
50348	65.5855247478
29506	53.9280146411
168733	37.6274943254
29564	55.8111216344
5577	45.9386767079
32337	34.486810774
65132	36.3415832463
38886	34.974026642
55098	44.9254056409
76653	58.9318095834
158127	39.8578357902
37235	51.7604404458
51370	63.8855363052
32364	32.1684587814
5577	45.9566074951
247511	41.3266481086
70912	42.8869584838
43573	43.9492346178
68714	66.4988212009
42395	66.8026889963
73420	53.4990465813
148481	30.3931142705
52991	64.5883263196
42820	31.9850537132
75706	62.8536707791
68992	66.5424976809
15556	60.1054255593
84583	54.7001170448
65762	54.9283780907
53744	52.8263620125
44875	35.3493036212
5577	45.9386767079
38411	72.6354429721
5577	45.9745382822
140906	30.3280200985
44262	59.8820658804
39064	50.8191685439
124261	37.0840408495
42638	65.4017543037
58129	68.2499268868
48262	44.4987775061
34915	39.5617929257
163019	37.8250387992
175247	42.1730471848
35786	39.0711451406
42887	53.7109147294
40881	36.4007729752
45035	44.6652603531
72697	54.863336864
179177	40.2640963963
40931	58.9944052185
49879	63.425489685
43741	54.4843510665
60074	34.3842594134
44862	58.2073915563
43198	50.6227140145
41931	35.4105554363
53253	64.3888607215
57647	61.3752667095
5577	45.9566074951
43344	66.0137504614
50679	64.032439472
155346	49.6491702393
68871	55.2424097225
185683	26.284043235
70236	68.7923571957
38124	35.49732452
5577	45.9386767079
169062	37.5584105239
171179	39.3751569994
197625	40.3233396584
43548	62.2784054377
75586	59.2702352287
48689	28.9346669679
51257	63.9522406696
58966	59.6716752027
38663	35.8921966738
42518	59.3066465967
170438	39.3685680423
175435	42.1688944623
145343	32.6510392657
194701	49.0125885332
64415	55.6423193356
38411	38.0125484887
8280	59.7463768116
43551	55.422378361
41142	48.1794759613
171073	39.3580518258
158066	39.0419191983
151417	41.1525786404
43128	34.1564644778
41207	41.6264226952
180219	43.1192049673
42771	47.6724883683
40785	71.8009071963
35663	38.9030648011
67949	67.4859085491
5577	45.9566074951
57168	69.2082983487
53636	63.6773808636
68428	66.475711697
93794	29.2961170224
165238	37.7733935293
58456	61.687423019
57697	67.9723382498
29616	41.6464073474
36733	38.826123649
108050	38.7376214715
29739	54.0233363597
35992	35.9885530118
56275	61.2350066637
142072	35.7375133735
32761	31.7847440554
40409	39.3946893019
72109	68.9262089337
72055	59.1908958435
39758	50.2967956135
69082	66.3428968472
39349	42.8066786958
36215	32.17727461
43619	49.4348792957
140961	27.9602159463
42392	66.1988110964
33399	40.2856372945
175455	42.171496965
42641	51.3472948571
216628	41.5754196133
41619	30.815252649
37925	32.2584047462
40749	40.2562026062
175312	42.1705302546
122696	40.5123231401
93191	55.2403129058
59254	62.7586323286
39860	32.3958855996
39029	37.1800456071
50400	63.2857142857
38239	36.8968853788
29786	54.0388101793
41809	47.2410246598
29443	53.7784872465
42309	35.6448982486
59812	66.6254263359
35703	29.1880234154
51376	63.9831828091
5577	45.9386767079
34856	41.6571035116
58046	68.0150225683
5577	45.9386767079
162596	37.710029767
44244	43.3595515776
36674	56.7568304521
50078	41.3095570909
45552	39.1596417281
77367	62.9997285664
80617	36.9624272796
5577	45.9566074951
65675	66.5199847735
35988	39.0963654552
5386	44.5414036391
5486	45.5887714182
167431	37.6901529585
29464	54.1983437415
32391	35.7506714828
84576	43.8126655316
29388	35.582550701
35480	36.4036076663
36278	38.3565797453
52357	63.8539259316
5577	45.9386767079
45344	52.3266584333
64746	63.2842183301
5386	44.7642034905
60311	66.773888677
34986	35.4170239524
59794	61.445964478
58538	50.9224777068
63569	50.1691075839
31236	37.2550902804
58951	45.4139878882
6087	45.1782487268
171295	39.3636708602
168771	37.7067150162
68576	66.4139057396
61511	64.0340752061
41865	49.7957721247
30112	54.4766206164
41392	35.598666409
5577	45.9386767079
37917	56.9005986761
33980	32.3866980577
65955	50.1038586915
44061	32.9928962121
47252	33.0441039533
67509	68.9656193989
40360	63.2903865213
48870	66.7751176591
67496	68.9492710679
47405	48.9547516085
5577	45.9745382822
48252	56.6194147393
69082	66.3472395125
68367	66.6008454371
51433	63.6731281473
54279	28.4456235376
69537	59.1267958065
92580	64.7051198963
179107	40.2854159804
47898	67.3681573343
30077	37.0249692456
147589	37.2033146102
41208	39.1962725684
51378	63.8911596403
143986	40.4872695957
5577	45.9745382822
5577	45.9386767079
159878	37.1483255983
133798	29.9742896007
75339	63.0178260927
5577	45.9028151336
50602	67.1198766847
49961	66.2156482056
46635	35.434759301
48564	29.8966312495
76492	58.9538775297
137918	40.8017807683
26054	30.4406233208
52102	63.6021649841
45389	68.7391218137
44623	54.1290365955
152372	32.5860394298
39252	49.9439519005
223932	52.0568744083
175557	39.5256241563
156102	64.769829983
36128	41.344663419
155476	64.7238158944
35059	33.2525171853
57315	68.5248189828
43871	54.1792983976
43679	66.2767004739
162252	38.7730197471
49640	39.82272361
49908	66.20982608
159914	36.8616881574
40470	51.0971089696
43454	38.9699452294
75933	63.0173969157
33438	33.9434176685
76797	53.4109405315
68999	66.5024130785
55601	63.0402330893
68515	66.4759541706
42127	54.6798965034
30078	37.2198949398
8956	59.6694953104
37714	64.2493503739
172372	39.4019910426
34433	35.0884326083
38253	48.1713852508
41567	49.3107513172
5577	45.8848843464
128083	37.1649633441
36674	51.0416098598
49267	64.2093084621
198190	41.5581008124
8454	43.7071208895
74325	38.7164480323
168876	34.3228167413
5577	45.8848843464
52975	44.0226521944
42112	61.7852393617
29438	54.2496093485
36966	33.6714819023
15556	60.0989971715
156648	42.2469485726
15680	59.8852040816
50837	67.0200837972
127188	30.4753593106
7768	23.1591143151
39600	50.6313131313
138081	36.4278937725
49808	63.5560552522
348113	34.0874945779
37159	40.6092736618
239276	44.5464651699
174830	39.0459303323
225436	41.5825334019
66299	55.6675062972
5577	45.9207459207
54894	46.0086712573
31631	34.874015997
47180	44.0186519712
67169	68.9097649213
43809	53.7492296104
32975	36.2638362396
125294	32.5362746819
36805	38.1497079201
52414	56.2941198916
179560	41.0915571397
37761	38.3623315061
38721	34.0228816405
59870	39.8513445799
175434	42.1594445774
5577	45.9566074951
175437	42.1501735666
26836	35.5157251453
114768	32.6894256239
52689	61.9256391277
53159	63.6900618898
171285	39.3642175322
40155	49.7970364836
65237	63.3490197281
29516	53.9978316845
34664	42.7734825756
5577	45.9745382822
33448	39.2878497967
5577	45.8848843464
40758	41.2385298592
50797	64.0037797508
219775	41.5038107155
40472	57.3705277723
46596	58.5479440295
39325	42.6904005086
33507	38.472557973
131976	49.4688428199
34997	33.9514815556
222006	42.0430078466
44784	47.0525187567
166687	34.4088021261
35858	30.316805176
56439	67.0865890608
36344	40.1606867709
175424	42.1510169646
47612	67.3674703856
50418	60.061882661
38890	50.4628439187
29223	53.9540772679
55307	61.10618909
45426	45.7403249241
47055	39.1966847306
37236	63.707165109
40477	48.4200904217
6051	44.9347215336
252407	35.5029773342
155582	64.7060713964
41164	41.6844815859
161807	37.8840223229
70035	61.6934389948
50407	42.843255897
240761	51.0693177051
34979	35.0553189056
60303	42.4555992239
52955	38.1021622132
47014	52.8842472455
73008	54.8570019724
59518	56.4921536342
80729	46.9942647624
255569	25.8853773345
46600	60.6480686695
129756	36.8229600173
41733	47.1161910239
34421	35.8066296737
5577	45.9386767079
71058	69.8767204256
6068	45.2702702703
5577	45.9566074951
35373	41.7974161083
5577	45.9924690694
41148	48.1943229319
30646	30.428114599
53141	63.4594757344
38670	40.8456167572
39896	60.6802686986
3573	49.2023509656
53169	63.2831161015
68720	66.388242142
218729	66.2253290602
34507	38.7921291332
45423	54.8290513616
57599	65.8935050956
41750	43.4371257485
141018	30.498234268
42215	51.0671562241
66381	55.6439342583
54840	42.2374179431
38476	36.5812454517
29003	54.3288625315
5577	45.9566074951
154906	64.776703291
92495	49.2880696254
61818	64.4262189006
174436	41.8313880162
39207	50.4909837529
74806	37.763013662
159590	38.7424024062
51077	65.6733950702
39616	46.9128634895
43336	61.5631345763
56789	62.0877282572
43060	60.8755225267
37074	50.7687328047
68716	66.4997962629
172253	39.5906021956
46349	57.0195689227
55726	40.0082546747
41486	35.889215639
38552	39.2742270181
93577	61.483056734
167435	35.3313226028
40525	57.2905613819
53513	33.5283015342
30745	36.0448853472
69082	66.3414492921
41142	48.1673229303
39699	49.7770724703
5577	45.9028151336
15556	59.6425816405
29726	54.4170086793
33540	50.4025044723
40068	58.0038933813
153757	49.1997112327
58279	49.8412807358
5577	45.9566074951
41655	56.6150522146
45517	51.4708790122
69309	68.8669581151
53092	44.1365930837
186570	37.6255560915
53684	63.5869160271
58104	49.4991738951
88474	38.9978976875
76350	48.776686313
179209	40.2786690401
46739	65.2624146858
52491	39.1533786744
34966	33.1436252359
166423	35.3526856264
75728	62.9331290936
76363	58.9094194833
49949	66.1935173877
49576	52.4507826368
41476	46.0627832964
44988	41.8533831244
69844	42.6006528836
31698	32.0903527036
47342	33.0404292172
87308	39.3755440509
71092	68.8755415518
39274	52.5869532006
149813	39.1254430523
5577	45.9745382822
5577	45.9924690694
271088	49.8546597415
145542	30.4159624026
41207	65.7121362875
40149	51.0149692396
62708	49.9027237354
178897	40.2650687267
5577	45.9386767079
42600	33.4037558685
171166	39.3687998785
38889	46.100439713
59265	68.4366826964
23410	42.2597180692
172681	39.1305354961
191195	40.6166479249
37967	42.2182421577
5577	45.9386767079
181570	44.6797378422
36671	51.0457854981
142072	35.736809505
171294	39.3580627459
46157	43.1353857486
44856	61.5391474942
45673	52.394193506
5577	45.9566074951
41882	61.7735542715
5577	45.9566074951
46962	58.8113794131
156514	64.775036099
43783	45.3646392435
29605	54.041547036
53932	63.0590373062
38209	49.9175586904
70270	67.6447986338
43444	46.7291225486
88580	39.0167080605
39474	44.7737751431
141907	30.3846885636
58550	61.8633646456
44708	50.0671020846
53227	43.0213989141
62708	49.9027237354
50552	45.8280582371
76075	59.2678278015
120098	38.839114723
19105	39.7801622612
136468	35.8413694053
68193	66.474564838
40929	58.801827555
60746	66.142626675
68432	66.502513444
29338	54.1447951462
51371	63.8628798349
36826	34.5733992288
41294	40.9357291616
59346	61.7227782833
31674	29.9709540948
47611	51.5931192372
18919	27.8027379883
42180	45.8463726885
78145	43.1582314927
179208	40.2733136914
42259	43.0606498024
59707	64.4983000318
46782	42.6723953657
95705	62.7156365916
39874	40.7082309274
164706	40.5419353272
39004	33.6042457184
60143	66.6162313154
132667	26.0449094349
42606	45.0053983007
29512	53.9915966387
51365	63.9267984036
39189	36.5153486948
175438	42.1619033505
52122	61.503779594
75215	62.9887655388
170397	40.6456686444
47109	67.2674011335
41572	56.918117964
5577	45.9386767079
68807	66.4307410583
30674	34.7166981809
52057	63.589911059
34742	71.3689482471
32975	41.4981046247
60551	34.2917540586
40923	34.6406666178
68056	66.5834019043
54167	66.902357524
39148	36.5867988148
39576	34.5461896099
58150	68.3387790198
26471	35.0005666579
41913	45.5061675375
5386	44.3557370962
69978	61.6893880934
30664	39.6197495434
24435	58.1420094127
68884	66.5147203995
68043	66.5020648707
7965	45.6748273697
41402	39.3145258683
60030	43.3849741796
171175	38.7352125018
42292	51.2721082001
29516	54.0046076704
7190	59.5966620306
73048	54.8529733874
174885	39.2583697859
147737	39.1479453353
52047	62.8816262225
50332	60.6651831837
5577	45.9207459207
87603	38.8867961143
156758	64.7596932852
29386	54.2775471313
39981	66.8617593357
43265	45.2467352363
72979	54.8198796914
174351	39.539205396
191983	38.5831037123
29264	54.158693275
5577	46.279361664
190789	40.4258107124
171274	39.3562362063
5577	45.9207459207
25388	36.8166062707
65653	34.4919501013
34989	36.1170653634
37095	64.2404636743
38122	34.5417344316
41960	32.9599618684
126161	32.5457153954
138339	30.4216453784
34280	40.0875145858
160732	38.7421297564
40551	43.6191462603
35581	35.6426182513
33848	33.9872370598
65334	50.0673462516
159323	36.946956811
41660	36.7258761402
173097	43.8927306655
30332	58.7498351576
58211	68.3118310972
152778	39.7570330807
46318	48.3073535127
4491	33.2887998219
5577	45.9207459207
34469	39.7255504946
88994	26.9917073061
50898	64.2068450627
5577	45.9028151336
156833	44.616247856
15521	60.1765350171
41901	66.5616572397
35735	41.1109556457
41518	36.3769931114
172802	39.1459589588
50701	65.7146801838
157486	56.2773833865
62774	55.9992990729
175439	42.1633730242
88308	27.2183720614
5577	45.9566074951
83724	60.8726291147
69641	68.5573153746
44279	53.0070688137
36671	51.0485124485
159837	38.0137264839
68327	66.5125060371
68910	66.5230010158
93464	49.5078318925
29609	54.0578878044
61761	67.2463204935
76217	62.9820118871
179204	40.280350885
5577	45.9566074951
42519	62.1369270209
54836	36.0930775403
75822	58.8760518055
6478	34.0228465576
163424	40.5485118465
39568	46.2975131419
276958	53.3459946996
42081	47.6105605855
6891	47.2355245973
28833	35.3102348004
53721	56.4285847248
107263	38.9892134287
72529	38.0551227785
440001	29.9874318467
32115	38.0414136696
77837	46.0475095392
5577	45.9924690694
44576	68.5211773151
154874	64.7255188088
44045	60.6947440118
36671	51.0485124485
41335	52.4954638926
21697	35.7929667696
58472	61.0668354084
64960	35.4448891626
32317	62.279914596
159624	50.1541121636
29517	53.8604871769
49658	65.8181964638
46596	58.5457979226
37595	50.014629605
5577	45.9566074951
57408	39.8150083612
38457	46.5194892997
142094	30.3095134207
5577	45.9924690694
49797	63.5660782778
92816	44.8974314773
60161	34.3411844883
4594	46.1036134088
41726	40.6053779418
246291	51.2109658899
146135	56.347897492
68953	66.3031340188
53395	63.4928364079
42230	48.8325834715
76586	62.9932363617
47703	45.5422090854
175190	39.561048005
31375	34.4892430279
5577	46.0103998566
46719	43.8301333505
37287	40.7246493416
65762	54.9238161856
5577	45.9386767079
183806	38.1151866642
7118	56.9542006182
5577	45.9566074951
5577	45.8848843464
43607	60.9626894765
36315	56.6955803387
216273	41.5266815553
34933	54.9823948702
46149	43.1363626514
42461	33.3105673442
60618	67.4601603484
48211	45.8774968368
53263	43.7320466365
259700	46.9149018098
158750	38.8031496063
38139	38.9574975747
42608	51.5889034923
18186	29.2147806005
42665	49.7878823392
5577	45.9386767079
50165	65.7430479418
69420	50.8282915586
34473	32.9533257912
83331	38.9326901153
42429	66.4545475972
47739	45.8199794717
175439	42.1679330138
38569	37.9346106977
44485	45.5546813533
59231	67.0949333964
5577	45.9207459207
5577	45.9386767079
43940	63.0223031406
29264	54.1552761072
62181	64.2334475161
5486	45.2242070725
43982	61.213678323
35852	54.4711592101
47090	50.053089828
5577	45.9924690694
60897	50.2274332069
121342	61.6447726261
34434	36.3942614857
37994	41.8566089383
42126	46.9140198452
58387	58.8795451042
37260	32.4261943103
30420	30.5588428665
5577	45.9386767079
17641	29.0176293861
40163	53.1359709185
41143	48.1758743893
32358	37.1376475678
148243	30.2429119756
29339	54.0270629537
34844	38.256227758
47020	28.3964270523
50113	65.9110410472
48594	41.2849322962
52920	63.3975812547
43144	58.9143333951
175814	42.0046185173
165179	35.4851403629
179558	41.0975840675
149218	49.7634333659
49372	67.2243376813
21248	50.0800075301
41468	49.3416610398
38742	47.4446337308
57899	58.5951398124
15630	60.019193858
57165	69.2136796991
33133	48.921015302
32409	35.1322163597
46895	28.6917581832
51355	63.7503651056
42965	62.2646340044
38555	65.7061340942
60526	66.2244324753
76315	58.8888160912
60973	64.5138011907
35822	40.8184914298
42572	49.8520154092
175261	42.1691077878
138658	40.8595248742
175432	42.1587851703
36938	63.9314527045
68203	62.8682022785
46547	47.5777171461
46383	58.7585968997
43129	51.2694474715
39689	33.9262768021
41421	40.2646000821
157482	64.6423083273
40471	59.5908181167
59087	56.3017245756
129454	43.6263074142
5577	45.9028151336
68964	34.593411055
45858	66.1302280954
39921	26.985796949
5577	45.9386767079
35263	41.6130221479
42084	34.0461933276
41796	55.7397837114
32649	38.1543079421
58000	40.0189655172
179130	40.2752191146
42093	49.9156629368
54314	61.4648157013
51547	61.5457737599
39078	43.0933005783
110240	60.9533744557
32793	39.0388192602
179254	40.2685574659
15556	60.111853947
5577	46.0103998566
50087	63.9826701539
175431	42.1590254858
35838	34.8959205313
32846	30.2502587834
30178	35.0321426205
35802	40.6262219988
41867	49.7981703967
38099	44.6888369773
55282	43.08816613
75736	62.9964613922
40365	35.1021924935
175117	39.5621213246
41142	48.1673229303
47741	38.7319075847
215799	66.1601768312
37151	41.8723587521
142987	44.6159441068
135281	35.9303967298
77315	42.4199702516
50515	64.000791844
34593	38.9992194953
76323	63.0635588224
29247	54.152562656
99730	37.2696279956
38497	42.8033353248
5577	45.9207459207
262391	32.4736747831
5577	45.9924690694
41142	48.1819065675
42963	67.0181318809
176184	39.9621986105
53043	63.5013102577
175436	42.1544038852
37449	40.145264226
73752	59.1251762664
35473	52.0593127167
64511	59.7293484832
41807	39.6895256775
43785	35.5715427658
5577	45.9386767079
179565	41.1071199844
161978	41.3000530936
251042	27.7515316162
56076	59.4799914402
160646	41.2266723105
104036	43.2110038833
36471	42.376134463
37146	51.9463737684
51381	63.8543430451
5577	45.9745382822
29511	53.9866490461
52502	61.5405127424
43012	34.7298428346
41698	52.4917262219
37380	64.151952916
158100	38.6963946869
43223	35.4371515166
87570	38.9105858171
64415	55.6423193356
32324	35.320504888
67880	66.5365350619
76483	62.9813161095
378379	35.9190124188
21012	46.3544641157
92417	29.5681530454
143734	30.8625655725
34509	38.8188588484
51738	48.4150914222
129439	35.7326617171
93879	49.3550208247
45871	46.9490527784
175436	42.1469937755
34683	44.3790906208
29424	53.9151712887
34329	37.5163855632
5577	45.9566074951
43028	36.8062656875
50183	62.180419664
36270	34.6071133168
43957	53.0268216666
44459	33.3700713016
39167	56.4735619271
34549	42.2298764074
179207	40.2713063664
66158	55.5503491641
43587	51.0679789846
44705	45.2879991052
29491	54.37930216
53746	67.4450191642
88097	54.8270656208
54791	49.4168750342
5577	45.9386767079
52785	63.5028890783
51027	60.9540047426
29026	34.7447116378
33032	39.1317510293
5577	45.9745382822
43551	55.4269706781
36717	52.0549064466
60217	34.3341581281
56189	59.5347843884
32675	50.7421576129
26752	36.7785586124
54012	33.4758942457
175334	42.1629575553
91721	45.5937026417
5577	45.9386767079
38194	71.1944284443
41401	33.5547450545
77670	55.8465301918
6097	45.0877480728
56702	43.8943952594
50856	64.031775995
38989	39.3136525687
49090	50.9594622123
235108	48.3182197118
65764	54.92822821
71214	68.8783104446
94555	49.2475278938
34713	46.0058191456
33613	35.4862701931
47881	66.8198241474
44366	51.0030203309
18546	29.8231424566
39481	42.6179681366
38689	50.1512057691
192972	40.6167734179
30778	34.1445188121
60321	66.5406740604
68604	66.3940878083
162308	38.7842866649
164999	35.5444578452
46847	43.9772023822
58159	49.5881978714
175441	42.1532025011
75568	47.0410755876
64477	68.8276439661
155631	42.1182155226
94109	49.3906002614
175423	42.161518159
29741	54.4231868464
65917	54.9372695966
70579	50.9188285467
226536	41.6123706607
46496	29.8262216105
164241	37.7859365201
58979	53.0103935299
41834	35.3229430607
178563	39.7450759676
29393	36.1990950226
214214	41.2629426648
52139	41.0939987342
45169	54.5816821271
190768	39.0081145685
45428	45.751518887
162598	37.7095659233
59707	66.5550103003
62220	60.1108968177
167298	35.5156666547
32799	41.6628555749
54312	38.0965532479
32826	50.795101444
59052	67.1831606042
34864	40.2449518128
167467	35.3992129793
56827	60.9815756595
5577	45.9924690694
220299	66.1292152938
29266	54.4830178364
30548	36.8927589368
40287	63.6905205153
177907	44.8706346574
62829	39.2684906651
43882	44.722209562
68004	66.4857949532
59337	67.1334917505
241050	51.037544078
39355	37.0041926058
69798	61.7009083355
18609	36.3641248858
47880	66.8191311612
39210	50.6988013262
43872	52.1859044493
43221	49.644848569
28427	36.1909452281
23629	42.7144610436
75816	59.3159755197
41448	32.0136074117
51067	65.6940881587
258139	55.8152778154
178249	36.7435441433
80578	40.5780734195
38514	37.9576257984
48216	54.8531607765
42575	49.3505578391
5577	45.9566074951
49941	66.2401633928
40938	39.3375348087
179165	40.2751653504
34117	35.9029222968
5577	45.9028151336
169483	40.6211832455
40759	36.8605706715
159514	54.1419561919
34638	39.6298862521
32048	34.7790813779
6882	43.7227550131
155372	64.7201554978
58326	51.3801735075
34239	38.9000846987
136896	43.6133999532
71200	61.6207865169
180111	41.1029864917
49167	42.8885227897
26845	43.5649096666
38253	48.179227773
44259	60.9435369077
30532	34.6816454867
155997	37.8417533671
46375	51.171967655
147745	45.2915496294
15546	59.8996526438
69110	66.3507451888
5577	45.9386767079
37131	35.7087070103
65766	65.4745613235
41514	39.3337187455
29729	54.0818729187
77792	37.7660941999
5577	45.9386767079
177215	40.6664221426
38815	50.8643565632
179110	40.2652001563
47564	46.4153561517
92777	49.2772993307
42973	33.4535638657
98136	59.7487160675
60942	49.9130320633
164602	65.4360214335
38208	40.2324120603
101660	47.410977769
5577	45.9566074951
171231	39.3707915039
49286	67.5303331575
58619	39.995564578
39085	47.634642446
59947	66.3702937595
49203	66.6727638559
51099	50.8483531967
63344	65.3258398586
39021	37.2107326824
241147	52.1698383144
15524	60.2357639784
39133	51.6878337976
42746	53.0997052356
80382	35.2317683063
162281	38.6373019639
32174	37.5303039722
5577	45.9386767079
76268	59.2896103215
15906	28.3792279643
217937	41.5574225579
69321	66.5613594726
51290	60.9027100799
5577	45.9386767079
54268	43.0640524803
31008	32.1497678019
5577	45.9566074951
43602	47.5574514931
41941	35.9767292148
175230	41.2509273526
37253	35.2213244571
37729	40.0779241432
55073	40.0032683892
7288	62.0609220637
179095	40.274714537
44030	51.9940949353
43900	54.5444191344
28670	36.2155563307
38997	39.3773880042
63334	65.1640509047
171238	39.3808617246
33517	31.8226571591
63369	49.4768735502
169936	39.6231522456
55735	61.3025926258
5577	45.9566074951
164870	35.4455025171
174142	39.5068392461
33690	35.1766102701
74806	49.1658423121
174307	40.2812279484
56621	44.2291729217
31869	34.9555994854
74073	59.2550591984
51492	63.9769284549
55213	61.0725734881
53088	32.4216395419
36712	29.1294399651
124497	37.0940665237
218152	41.5590964098
67592	62.8698662564
175439	42.1559630413
36059	38.9195485177
52160	61.5548312883
43914	61.2196566015
34117	51.0214848902
179260	40.2750195247
38564	47.1890882689
34478	33.7548581704
59416	61.7476773933
153243	64.7331362607
44936	66.1830158448
33284	38.8414853984
51162	63.8853055002
42881	34.8289452205
41901	66.5592706618
52077	66.6666666667
56982	67.7968481275
5577	45.9386767079
39033	37.1736735583
32277	34.5168386157
38275	34.7511430438
5577	45.9386767079
57198	50.7185565929
5577	45.9566074951
37730	40.3975616221
15556	60.1054255593
89916	44.1278526625
41903	66.5918907954
30692	34.8364394631
50934	50.7303569325
41903	66.630074219
159983	38.047792578
36671	51.0485124485
40207	42.1642997488
153882	64.8373428991
43748	33.0163664625
76653	58.9318095834
43766	53.8203171412
106071	38.1621743926
55770	51.8881118881
62738	65.6699289107
41882	33.6755646817
50483	66.6937384862
75448	46.9051532181
5577	45.9386767079
28765	55.1677385712
36671	51.0485124485
43902	51.8381850485
31200	37.233974359
61145	67.3203041949
358663	35.5511998729
174265	42.1920638109
43228	35.5533450541
133048	35.9659671697
56528	69.2099490518
38964	50.9136638949
145865	32.6719912248
68398	66.6379133893
54427	33.4484722656
76972	58.8590656343
29503	53.994509033
27302	34.5176177569
39873	42.7607654302
41085	43.5219666545
28349	35.2463931708
43033	42.4557897428
37635	62.8696691909
194454	41.120264947
168758	39.3942805674
175438	42.148223304
41757	38.9778959216
43050	45.475029036
40449	40.0405448837
43478	66.3530981186
168896	35.2909482759
61292	49.7405860471
78229	56.8433701057
58238	49.821422439
75973	62.9223539942
138036	35.8703526616
66922	55.7574489704
58608	61.6366366366
250485	41.2308122243
5577	45.9028151336
62466	68.4308263695
58059	45.1489002566
75380	59.4613955956
39331	50.7462307086
53227	43.0213989141
35459	28.9207253448
63263	44.9393800484
43724	41.5927179581
42409	61.7486854205
5577	45.9924690694
179116	40.2811585788
5577	45.9566074951
36021	34.3771688737
52833	63.42816043
44789	52.0440286678
132123	30.3088788477
40232	41.2408033406
58573	41.4405954962
56826	61.4401858304
51575	64.0116335434
167716	36.3662381645
5577	45.9566074951
5577	45.9566074951
175777	42.1636505345
39136	40.5074611611
44885	37.9480895622
40306	48.6627301146
37971	41.8134892418
5577	45.9566074951
46145	38.8601148553
35209	42.2306796558
35626	40.8493796665
4554	41.0408432148
43266	45.2433781722
5577	45.9566074951
69777	65.3840090574
40001	38.2890427739
37598	32.7570615458
211215	49.3269890869
41938	36.7709475893
72394	39.5861535486
32720	51.3019559902
7079	46.136459952
128179	32.5700777819
43698	57.0643965399
168689	34.4189603353
15524	60.2293223396
48157	61.3784081234
39093	47.4535083007
29412	54.2703658371
50909	61.0913590917
22559	35.9856376612
63513	57.2953568561
88632	38.9069410597
90460	56.8306433783
29505	53.8315539739
5577	45.9386767079
39906	48.9049265775
57437	60.8649476818
5577	45.9566074951
32546	34.7538868064
50364	43.6343419903
4268	43.8612933458
38880	44.8816872428
37934	35.2269731639
46643	60.885877838
225059	41.5948706784
36838	64.0914273305
37618	34.7253974161
179208	40.277219767
44970	44.9655325773
52298	63.75578416
68735	66.4799592638
5577	45.9924690694
146647	37.4729793313
41529	43.6971754677
31698	32.1061265695
5804	64.283252929
76049	62.9620376336
53051	63.4502648395
490380	37.0604429218
37637	64.8218508383
34001	37.6930090291
79178	45.8599611003
38309	30.5280743428
44245	43.3630918748
31773	34.6457684197
80309	60.9234332391
40727	48.9380509244
3525	50.9787234043
163345	38.6298937831
45306	40.1470003973
29742	54.5592091991
49419	63.4391630749
33641	35.973960346
52992	38.1416062802
57218	57.4906497955
164443	37.8015482568
244834	42.599475563
154466	64.7618246087
38841	48.3895883216
127726	30.5341120837
34123	39.7708290596
39425	43.8376664553
42168	55.6891481692
179192	40.2780258047
61594	67.2435626847
62708	49.9011290425
45572	33.3406477662
44510	50.8739609077
52719	63.4325385535
32682	34.7897925464
58848	53.0094480696
38975	40.8159076331
53526	64.4639988043
219348	66.1236938563
40002	64.8217589121
5577	45.9745382822
5577	45.9386767079
31075	39.028157683
5577	45.9028151336
36671	51.0457854981
53717	66.5431799989
192999	40.625080959
42158	29.4558565397
9004	59.9511328299
57804	67.721956958
175410	42.1612222792
64618	59.6118728528
50690	60.9331229039
32562	35.7287635895
49976	65.937650072
154012	37.1652858219
50976	65.791745135
185102	44.6591608951
29377	54.2635395037
53226	43.022207192
57328	61.5231649456
38759	50.0761113548
52927	63.3873070456
41893	66.5982383692
37976	38.105645671
14844	40.0700619779
109558	59.0034502273
168327	40.606082209
49628	45.5589586524
60053	66.7843404992
68493	66.490006278
38825	32.208628461
29494	53.943174883
39778	48.3835285836
46877	53.3203916633
140218	30.3284884965
5577	45.9386767079
5577	45.8848843464
34130	54.0990331087
7929	60.8273426662
40829	48.4435082907
51370	63.9303095192
75380	59.4627222075
19343	38.8305847076
5577	45.9566074951
60754	43.2317213681
75114	63.0188779721
224313	41.5441815677
54990	67.030369158
19527	35.7761048804
43081	60.7065759848
37715	38.6848733925
50558	65.7719846513
33895	40.4513940109
29140	54.3308167467
40128	47.3260566188
172688	39.1347401093
34084	35.8203262528
42200	48.817535545
160705	37.9639712517
43106	38.6419523964
5577	45.8848843464
50899	64.2114776322
42167	58.8635662959
46486	49.3503420385
36898	34.2484687517
5577	45.9566074951
46900	48.592750533
42701	51.2165991429
165540	39.9184487133
61371	44.6823418227
219936	41.5816419322
171770	40.5786807941
7273	62.1201704936
52974	61.4225846642
154938	47.3505531245
174285	39.5702441403
15644	29.0334952698
38071	64.8420057261
154017	64.8285578865
26449	35.9408673296
188632	40.7168454981
87308	39.3766894214
31561	34.834130731
53137	63.6486817095
59080	36.875423155
3405	47.9588839941
54619	43.0784159358
42654	41.1661274441
197629	40.3447874553
37441	40.1404877006
23008	37.1175243394
46869	67.0933879537
68227	66.4399724449
28015	36.0521149384
38392	35.8720566785
166283	35.5087411221
46600	60.0429184549
41142	48.1721841427
59782	56.2426817437
39860	48.6201705971
44597	62.4346929166
39300	50.7735368957
147590	30.3916254489
66676	36.4343991841
370920	28.7353068047
156281	64.6847665423
36615	35.2642359689
42706	34.1661593219
153714	64.6857150292
41063	40.8055914083
70091	61.6398681714
175307	42.1631765988
61626	64.9871807354
18753	37.3166959953
41338	47.8276646185
66708	34.5026083828
5577	45.8848843464
74711	63.0536333338
100418	29.6052500548
39732	49.7860666465
174353	39.5582525107
60364	51.0685176595
167292	35.3949979676
53425	62.6467009827
54751	61.7760406203
37740	64.2686804452
41854	49.8279734315
134270	35.5038355552
164254	65.2093708525
52659	63.8124537116
125842	32.5559034345
29407	53.8511238821
39662	46.2634259493
70373	62.0721015162
179110	40.2758081626
29428	53.9282316161
49433	44.2457467684
43152	62.8684649611
5577	45.9924690694
39088	42.8545845272
5577	45.9924690694
5577	45.9924690694
50841	64.0447670187
42391	49.7888702791
5577	45.9745382822
62851	50.0708023739
41149	57.0026003062
46440	43.811369509
29533	54.0107676159
3588	54.2084726867
27190	30.746598014
92618	61.9199291714
52195	61.38327426
167560	37.6557650991
26201	36.4031907179
53255	63.6635057741
50963	64.0464650825
42168	36.1340352874
39093	49.9270969227
41090	30.8298856169
68016	66.5078804987
172688	39.1330028722
39989	45.4900097527
78275	30.1820504631
41507	30.6887994796
167318	37.7251700355
41230	31.986417657
158300	40.2539481996
32847	45.4683837185
41687	34.5983160218
40108	35.813304079
50470	39.6334456113
145865	32.6719912248
72534	38.0552568451
231743	38.8210215627
149273	50.9475926658
32406	33.7344936123
18659	32.884934884
20952	72.016991218
4532	40.6222418358
